sample_id,conversation_index,tweet_id,text,label,confidence,notes
1,15796,1264702,"@SpotifyCares …up on the lock screen anymore, I have to unlock my phone and open spotify just to change volume or skip track",APP_TECHNICAL_ISSUE,HIGH,"Lock-screen controls are an app/UI technical issue."
2,37301,2608276,"I don’t know what happened. @115888 deleted all my playlists. 😭😭😭",PLAYLIST_LIBRARY,HIGH,"Playlists were deleted."
3,28360,2047818,"The ""Time Capsule"" playlist on @SpotifyCares today is EXACTLY what I needed to make it through this day. Much Loveeeee &lt;3",GENERAL_OTHER,HIGH,"Positive feedback, not a support issue."
4,2569,227980,"Why isn’t meekend music 2 on Spotify yet ?? @115888 @16913",MUSIC_CONTENT_AVAILABILITY,HIGH,"Specific album/content is not available."
5,25052,1907100,"i hate having no money and that means dealing with ugli ass spotify adverts when im in a really pissy mood which ruins my mood further",ADS_FREE_TIER,HIGH,"Complaint about ads on the free tier."
6,6430,565419,"@SpotifyCares if I purchase the discounted annual premium subscription (12 months for price of 10), does the month I am already on with my monthly premium subscription finish first before it kicks in or does it just start straight away?",PREMIUM_SUBSCRIPTION,HIGH,"Question about switching between Premium subscription terms."
7,25641,1930770,"@SpotifyCares I have Spotify family, but the account holder’s account says it’s a free account.",FAMILY_STUDENT_PLANS,HIGH,"Family plan status problem."
8,41961,2916673,"@SpotifyCares What’s going on ? It seems I’m not the only one 🤔 https://t.co/JT48VaLmQm",GENERAL_OTHER,LOW,"Too vague to assign to a specific support category."
9,41737,2913795,"Can you block certain artists on Spotify because my daily mix came up with a Jaden Smith song and I wanna make sure that never happens again.",FEATURE_REQUEST,HIGH,"Requests an artist-blocking feature."
10,31795,2251451,"@SpotifyCares  CarPlay integration indeed is extremely buggy 😡😡😡",APP_TECHNICAL_ISSUE,HIGH,"CarPlay integration is malfunctioning."
11,26944,1983330,"@115888 Just cause I like a song does not mean I want to hear it every second track ... please fix the shuffle :) #Spotify",PLAYBACK_ISSUE,HIGH,"Shuffle behavior is causing incorrect playback order."
12,8556,707054,"@SpotifyCares Any idea why your Android app occasionally wipes out every download? Now redownloading about 1600 songs. Not the first time.",DOWNLOAD_OFFLINE,HIGH,"Downloaded offline music is being removed."
13,22134,1796739,"@SpotifyCares why did my account downgrade after two days of premium service",PREMIUM_SUBSCRIPTION,HIGH,"Premium subscription unexpectedly downgraded."
14,5683,507376,"@SpotifyCares will paying for the 1-time annual subscription automatically override my future monthly auto-payments, or will I need to cancel my auto-payments?",PAYMENT_BILLING,HIGH,"Main concern is recurring payment/auto-payment behavior."
15,3290,301181,"@SpotifyCares Pomp and Circumstance cuts off to silence at 4:02 (https://t.co/gznaVh6oO8) Windows 10, Spotify program installed. Thanks!",PLAYBACK_ISSUE,HIGH,"A song cuts off during playback."
16,7523,116604,"All clear! Everything’s looking good again. Enjoy the tunes.",GENERAL_OTHER,HIGH,"Closing/positive message, not an issue."
17,23100,1833648,"same with rap mon https://t.co/Hlp2Au8KkH",GENERAL_OTHER,LOW,"Too little context to assign a specific label."
18,15832,1265661,"@115888 any plans for adding an explicit track filter? I'm sick of staying on edge to skip tracks whenever the kids are in the car.",FEATURE_REQUEST,HIGH,"Explicit-content filtering is a requested feature."
19,16716,1346667,"@SpotifyCares I'm from Slovenia. Here is no @115888. I'm using different metod to use Spotify. But here is no premium. You are welcome in Slovenia. Come here,  please! *Website can also be in English",MUSIC_CONTENT_AVAILABILITY,MEDIUM,"Regional availability/service availability issue; closest taxonomy category is content/service availability."
20,24930,1109711,"@SpotifyCares hi. When will the iPad app layout be fixed? Blowing up the UI from iPhone is not cool or acceptable. I miss the two panels. :/",APP_TECHNICAL_ISSUE,HIGH,"iPad UI/layout problem."
21,36114,2532101,"@SpotifyCares I need your help with a payment issue. Applied as student for discount here in Australia, but my college is not in the list.",FAMILY_STUDENT_PLANS,HIGH,"Student-plan eligibility/college verification issue."
22,20363,8225,"All clear! Everything’s looking good again. Enjoy the tunes.",GENERAL_OTHER,HIGH,"Closing/positive message, not an issue."
23,25108,1909604,"@568872 @SpotifyCares Gummo still mf deleted https://t.co/rrqIDjrzNr",MUSIC_CONTENT_AVAILABILITY,HIGH,"Specific music content was removed/deleted."
24,42004,2917841,"@SpotifyCares App isn’t working. Doesn’t matter if I’m on data or WiFi. Restarted my phone and updated. What’s going on?",APP_TECHNICAL_ISSUE,HIGH,"General app malfunction."
25,16593,1336485,"@SpotifyCares Hmm I'm only using one offline device, so unless it removes them when it updates the app I'm stumped. Thanks anyway",DOWNLOAD_OFFLINE,MEDIUM,"Context indicates a problem with offline/downloaded music."
26,6983,116604,"All clear! Everything’s looking good again. Enjoy the tunes.",GENERAL_OTHER,HIGH,"Closing/positive message, not an issue."
27,293,38973,"@SpotifyCares I am listening from the United States and my account is set in the U.S. as well. Hope that helps.",GENERAL_OTHER,LOW,"Context/location information without a clear issue."
28,9504,788972,"@SpotifyCares do you have a way to filter explicit lyrics for a supposed family subscription???",FEATURE_REQUEST,HIGH,"Requests an explicit-content filtering feature."
29,25951,1941505,"@410993 can you please add more Unreleased &amp; released Steve Burns music please!.?",FEATURE_REQUEST,HIGH,"Requests more music/content to be added."
30,25215,1913460,"@SpotifyCares @AppleSupport Every since the new software update my iphone 7 doesn’t display music playing from Spotify on my lock screen 😩",APP_TECHNICAL_ISSUE,HIGH,"Lock-screen display issue after an update."
31,5705,507424,"@SpotifyCares hi, will the £99 yearly subscription offer I just got still be available in January?",PREMIUM_SUBSCRIPTION,HIGH,"Question about availability/continuation of a Premium offer."
32,23912,1859664,".@115888 why is it such a painstaking task to change your profile picture without having to connect to Facebook? Why? WHY?!?!",APP_TECHNICAL_ISSUE,MEDIUM,"Profile-picture functionality/UX problem; no dedicated profile category exists."
33,36095,2528938,"If only @115888 had every @46723 and @46724 remix I would such a happy girl",MUSIC_CONTENT_AVAILABILITY,HIGH,"Specific remixes are missing/unavailable."
34,10985,888598,"@SpotifyCares I have an iMac\n\nEl Capitan Version 10.11.6\n\nSpotify version: 1.0.65.320.gac7a8e02",GENERAL_OTHER,LOW,"Device/version details only; no clear issue stated."
35,42313,580188,"Hey @115888 India is also on the map please expand your services here too.",MUSIC_CONTENT_AVAILABILITY,HIGH,"Requests service expansion to a region."
36,41155,2873765,"@SpotifyCares I archive my Discover Weekly using the IFTTT applet, but it failed last week now I've lost what had become my new favourite song and can't remember it! Is it possible to restore my previous week's playlist?  Thks!",PLAYLIST_LIBRARY,HIGH,"Problem involves losing/restoring a playlist."
37,35280,2473675,"@SpotifyCares I can turn them off but they come back on if I haven't used the app for a while (it generally happens once a day).",GENERAL_OTHER,LOW,"Object of 'them' is unclear without surrounding context."
38,27750,2028538,"You already have this functionality on podcasts. Why not do it for albums, @115888?! Seriously, not that hard to ad a sort. #UX #Design https://t.co/uHMOmnCRgb",FEATURE_REQUEST,HIGH,"Requests sorting functionality for albums."
39,38338,2686915,"@SpotifyCares This is the guy, he even gets to override me! https://t.co/2Najgo8tm6",GENERAL_OTHER,LOW,"Insufficient context to identify the issue."
40,437,48118,"P.Y.S.T. (Pretty Young Stranger Things)\nThe Moonwalking Dead\nBoJack Horseman in the Mirror\n#MichaelJacksonTVandMovies",GENERAL_OTHER,HIGH,"Content/list-style post with no support issue."
41,20995,1739400,"Hey, @SpotifyCares, we want to create lists with our podcast episodes! 😝",FEATURE_REQUEST,HIGH,"Requests podcast playlist/list functionality."
42,22096,1795178,"@SpotifyCares I open the app and most of my music is gone. I pay for your service. Can you fix it somehow? Please.",PLAYLIST_LIBRARY,HIGH,"Saved music/library content has disappeared."
43,13595,1099871,"@SpotifyCares Why does my spotify keep cutting in and out?😐",PLAYBACK_ISSUE,HIGH,"Playback repeatedly cuts in and out."
44,22384,1805150,"@SpotifyCares hi, I want to send an invitation to my family with my prem' fam' account, it doesnt work when he click on her for activation",FAMILY_STUDENT_PLANS,HIGH,"Family invitation/activation problem."
45,22113,1795922,"@SpotifyCares I feel like I ticked on a setting somewhere that always shows the Devices available button on the mobile app.",APP_TECHNICAL_ISSUE,MEDIUM,"Unexpected persistent UI behavior."
46,29656,2118680,"@SpotifyCares Just sending another DM, updated you guys on previous problems. Would appreciate some feedback ^^",GENERAL_OTHER,MEDIUM,"Follow-up/support communication without a new specific issue."
47,3861,349007,"@115888 Hello! I know you guys were considering FLAC streaming earlier this year? Any forecast on it? About to buy a Hi res DAC player...",FEATURE_REQUEST,HIGH,"Requests information about a desired future streaming feature."
48,479,52337,"@SpotifyCares spotify pls :(",GENERAL_OTHER,LOW,"Too vague to determine a specific category."
49,25528,1926367,"@115888 so sick and tired of waiting on a refund. Over 35 emails, their replies make no sense and they DON’T listen to my ways to solve it!",PAYMENT_BILLING,HIGH,"Refund/payment issue."
50,31112,2215884,"@SpotifyCares Actually It’s My iTunes Music That I’m Trying To Drag &amp; Drop",GENERAL_OTHER,MEDIUM,"Clarification about music import/local files; no direct taxonomy match."
51,4181,378067,"@SpotifyCares Why isn’t Broke with expensive taste by Azealia Banks available anymore? Did she or Spotify take it down or is it my phone?",MUSIC_CONTENT_AVAILABILITY,HIGH,"Specific song is no longer available."
52,7037,609537,"@118266 awalnya saya fine2 aja sama lagunya BTS tp diputer mulu adsnya di spotify saya jadi bosen",ADS_FREE_TIER,HIGH,"Complaint about repeated advertisements."
53,28230,2043215,"@115888 @SpotifyCares they gonna tweet me and act like they care and will fix it but will probably be the same thing over and over",GENERAL_OTHER,LOW,"Complaint is vague and does not identify a specific issue."
54,3351,306680,"@SpotifyCares i've tried restarting multiple times but not logging out/logging in. will attempt now and get back to you.",GENERAL_OTHER,MEDIUM,"Troubleshooting follow-up without enough issue context."
55,28618,2058632,"@115888 i want my lay 02 sheep album i cant use up my naver coupon",PAYMENT_BILLING,MEDIUM,"Coupon/payment problem is preventing access to desired album."
56,21391,1767699,"@SpotifyCares @115888 how do I receive the presale code for DVSN? I’m already a member.",GENERAL_OTHER,HIGH,"Presale-code request does not fit the defined support categories."
57,30668,2190769,"@SpotifyCares i changed my Facebook profile picture back in may and although it has updated on your website, it has not on my app, both on laptop and phone",APP_TECHNICAL_ISSUE,HIGH,"Profile picture is not syncing correctly across app/web."
58,21506,1774972,"My @115888 app is not working and I️ am currently dying. Guess I’ll go back to vinyl 🤷🏻‍♂️",APP_TECHNICAL_ISSUE,HIGH,"General app malfunction."
59,23372,1842960,"@SpotifyCares how to remove or edit CC information from payment method? I can't find it",PAYMENT_BILLING,HIGH,"Payment method/card management issue."
60,7989,666341,"@SpotifyCares Thank you! 💙",GENERAL_OTHER,HIGH,"Thank-you message."
61,36446,2552682,"@SpotifyCares iPhone 7+ w/ 11.1, I Press “play”, step in the shower, music fades out like there’s a notification, but there is no notification 🤷🏼‍♂️",PLAYBACK_ISSUE,HIGH,"Music unexpectedly fades/stops during playback."
62,29403,2095150,"@118266 hi, saya mau memastikan, premium fee bulanan masih 49.990 kan? pulsa saya sudah 62.000 tapi mengapa masih 'unable to renew your subscription because of payment problem' ya? tks",PAYMENT_BILLING,HIGH,"Payment/renewal failure."
63,22474,1809297,"@118266 ngeliat ada artis screen capture ini, ini kok warna spotify nya beda sih? Apa ada white theme atau gmn? https://t.co/mZw5zD6pME",FEATURE_REQUEST,HIGH,"Asks about/request for a different visual theme."
64,29938,2136531,"forever bitter about @115888 taking away the messaging feature. years and years of sharing songs /convos with friends gone. with no warning.",FEATURE_REQUEST,HIGH,"Complaint about a removed feature; feature-related category is the closest match."
65,21068,1711774,"@SpotifyCares having trouble accessing Spotify through control center, iOS 11.0, Spotify version 8.4.25, i have premium",APP_TECHNICAL_ISSUE,HIGH,"Control-center integration is malfunctioning."
66,12046,974531,"@SpotifyCares I definitely need to contact you. A number or email would be nice.",GENERAL_OTHER,HIGH,"Support-contact request does not match another defined category."
67,13914,1121425,"@115888 why can't you do this for metal, metal-core, hardcore, ect???? https://t.co/4HMjznIFNg",FEATURE_REQUEST,HIGH,"Requests a feature/capability for additional genres."
68,19868,1649898,"@115888 @SpotifyCares where’s the iPhone X optimization for the iOS app",APP_TECHNICAL_ISSUE,HIGH,"Device-specific app optimization issue."
69,35476,2484423,"@SpotifyCares hi team, keen to try premium with a view to getting premium family. Are you doing 30 day trials, please? (AKA save me from HMV this Christmas 😉🤣)",PREMIUM_SUBSCRIPTION,HIGH,"Question about Premium trial/subscription."
70,11927,965862,"Hey @SpotifyCares how do I stop your iPhone app from deleting my downloaded music every time it updates?",DOWNLOAD_OFFLINE,HIGH,"Downloaded offline music is deleted by app updates."
71,35413,2481562,"@SpotifyCares Okay thank you!!",GENERAL_OTHER,HIGH,"Thank-you/closing message."
72,28192,2042379,"@115888 Lately, it has taken more than 10 minutes for my music to load. Are you all doing something different?",PLAYBACK_ISSUE,HIGH,"Severe music loading/buffering problem."
73,42425,2929827,"@SpotifyCares Yep. All that I tried. Even uninstalled, restarted. Removed all data by hand. Installed again. The default settings was set to SD card, but all music ended on the internal storage.",DOWNLOAD_OFFLINE,HIGH,"Downloaded music storage/location issue."
74,13903,1119755,"@115888 How do you stream do you just listen to the music??? I barely got spotify so idk how it works",GENERAL_OTHER,HIGH,"General how-to question."
75,33107,2310888,"@115888 Hey! I can't sign in with my username and password with my TouchTunes @90737 new account. My Samsung mobile account needs updating, too! @125607 I CHANGED my name legally this year. Problems tonight as I am out TRYING to have a good time!",ACCOUNT_LOGIN_SECURITY,HIGH,"Unable to sign in; authentication/account-access issue."
76,28603,2058152,"@SpotifyCares I need help recovering my songs i sent an email on monday and no reply yet :(",PLAYLIST_LIBRARY,HIGH,"Requests recovery of missing songs/library content."
77,39608,2777730,"Why? @116130 https://t.co/DnaLQsr7Cy",GENERAL_OTHER,LOW,"Insufficient context."
78,28735,2062596,"WTF @115888?! You give me a pop up that Shania Twain released a new album (great shout - thanks I love her)....but didn't tell me there was a new Taylor Swift song today are you JOKING ME 😫",FEATURE_REQUEST,MEDIUM,"Complaint about music discovery/recommendation/notification behavior; closest match is feature-related."
79,29367,2095081,"@SpotifyCares Of course it’s shuffleyerfeet",GENERAL_OTHER,LOW,"Too ambiguous to identify the intended issue."
80,31853,2259585,"@115888 Where the hell are my buttons to access library and so on? #UIDisaster On th verge of switching if you don’t stop messing with the UI. https://t.co/NfDF1SH5pK",APP_TECHNICAL_ISSUE,HIGH,"Library/navigation UI elements are missing."
81,29614,2114207,"@SpotifyCares I was charged for premium student but my account still says free. I need to get rid of this charge!",PAYMENT_BILLING,HIGH,"Explicit charge/billing complaint; payment is the primary issue."
82,22278,1801120,"@115888 something weird happened with my account. Had to change pw to login. Playlists there that aren't mine. Saved music not mine.",ACCOUNT_LOGIN_SECURITY,HIGH,"Strong account compromise/security indicators."
83,23039,1831319,"@SpotifyCares web-player not working on any browser (chrome / edge). Are you aware of problems?",APP_TECHNICAL_ISSUE,HIGH,"Web player malfunction."
84,32608,2293042,"@SpotifyCares been charging my account and i canceled last month 🤨",PAYMENT_BILLING,HIGH,"Charged after cancellation."
85,20957,1737713,"is @115888 acting wonky for anyone else? Of course I need it for a current editing project and it keeps logging me out. Grrrrr",ACCOUNT_LOGIN_SECURITY,HIGH,"Repeated unexpected logouts are account access/authentication problems."
86,41974,2917772,"@115888 care to find out why the app is not working?!!!! 2 days in a row now!",APP_TECHNICAL_ISSUE,HIGH,"General app malfunction."
87,9799,818977,"@115888 @SpotifyCares please fix your artist.spotify contact page.",APP_TECHNICAL_ISSUE,HIGH,"Spotify web/contact page is broken."
88,14061,1139896,"@117153 I was charged the annual suscription but the premium does not work for me",PAYMENT_BILLING,HIGH,"Primary complaint is being charged without receiving the paid service."
89,20199,1677311,"Hello @115888 would you explain what is the meaning of this? Is this related to netflix series “Stranger Things”? https://t.co/ZMxIVgOG0K",GENERAL_OTHER,MEDIUM,"General question about linked content; no specific support issue."
90,6001,538064,"@115888 I'd like to get the premium version but here Is the case I don't have a credit card but I've enough fund in my Google play Store. Please I want find out if I can pay via Google play Store, BTC or iTunes gift card. Please waiting for your response. Thanks Gerd!!!",PAYMENT_BILLING,HIGH,"Question about accepted payment methods for Premium."
91,6580,571347,"Waiting for the ""your top songs of 2017"" playlist @115888",FEATURE_REQUEST,HIGH,"Requests/anticipates the annual Top Songs playlist."
92,21217,1756642,"@117153 What's up regarding the entire catalogs of Beck and The War on Drugs? I can't play any of their music and others artists too",MUSIC_CONTENT_AVAILABILITY,HIGH,"Multiple artist catalogs cannot be played; content availability issue."
93,31111,2215885,"@SpotifyCares Does The Drag &amp; Drop Work?",GENERAL_OTHER,MEDIUM,"General how-to/functionality question without enough context."
94,36483,2555548,"@115888 where is the rest to Take Care?? Why do I only have 6 songs?? https://t.co/lxTWBtF18I",MUSIC_CONTENT_AVAILABILITY,HIGH,"Only part of an album is available."
95,33561,2337995,"@676390 @115888 wack af",GENERAL_OTHER,LOW,"Too vague to identify a specific issue."
96,5205,467625,"So I guess @115888 cancels your students subscription after a year and then charges you $10/month and ALSO cancels your @115940 subscription without any warning so guess who doesn’t have Hulu rn because it won’t register that I’m a student? #help @hulu_support @SpotifyCares",FAMILY_STUDENT_PLANS,HIGH,"Student-plan status/discount issue is central."
97,28897,2067402,"@117153 There is a problem with muy acount and I can't find anything of help in your page. Please answer.",GENERAL_OTHER,LOW,"Account problem is too vague to determine the specific category."
98,20520,1699327,"@SpotifyCares Website not working today? -- Trying to download the client... :( https://t.co/lU1HJ7FXKk",APP_TECHNICAL_ISSUE,HIGH,"Spotify website/client download is not working."
99,18937,1554527,"Disappointed @115888 doesn't have the Josie and the Pussycats soundtrack",MUSIC_CONTENT_AVAILABILITY,HIGH,"Specific soundtrack is unavailable."
100,4013,366685,"@SpotifyCares Hi there, probably many people came over to you with the freezing problem. I reinstalled the app from Windows store",APP_TECHNICAL_ISSUE,HIGH,"Application freezing problem."
101,24167,1868103,"dear @115888 can you make some sort of family plan so my husband and i can stop arguing via song titles until one of us caves and let’s the other use it",FAMILY_STUDENT_PLANS,HIGH,"Requests a family plan."
102,8938,737841,"@115888 when will spotify come to India?",MUSIC_CONTENT_AVAILABILITY,HIGH,"Service availability in a country."
103,36935,2584507,"@SpotifyCares I Listen to him all the time and no I did not get an email 😣😣🤪🤪😭😭😭😤😤@105934 helppp",GENERAL_OTHER,LOW,"Missing context; unclear what email or issue is involved."
104,29821,2128528,"@SpotifyCares Received - Thanks!",GENERAL_OTHER,HIGH,"Confirmation/thank-you message."
105,18375,1509485,"@SpotifyCares Not sure to be honest. No other issues with Spotify though at all.",GENERAL_OTHER,HIGH,"No specific problem stated."
106,30650,2190728,"That moment when you wonder if you should be tweeting to @SpotifyCares or @comcastcares because not a single song has played without interruption... 😩",PLAYBACK_ISSUE,HIGH,"Music playback is repeatedly interrupted."
107,16754,1348074,"@SpotifyCares when is yelawolf new album available on @116130",MUSIC_CONTENT_AVAILABILITY,HIGH,"Question about album availability."
108,12933,1049982,"Goodbye @115888, cancelling and moving to Apple Music because there is no app for Apple Watch (I need/use for working out) @SpotifyCares",FEATURE_REQUEST,HIGH,"Complains about missing Apple Watch support."
109,38011,2653012,"Wait so when can we listen to #Reputation on @115888 ?? @118062",MUSIC_CONTENT_AVAILABILITY,HIGH,"Question about album availability."
110,4899,446911,"@SpotifyCares Listening to Spotify thru my web browser cuz I’m at work. It booted me out and won’t let me log back in. 😩",ACCOUNT_LOGIN_SECURITY,HIGH,"User was logged out and cannot log back in."
111,20678,1711917,"@SpotifyCares Apparently there is no contact form anymore. How do i get my issues fixed!",GENERAL_OTHER,HIGH,"Support/contact request rather than a specific product issue."
112,29215,2080754,"@115888 - my son has lost all account details &amp; his phone. How do I cancel Premium plse as he's also broken his phone &amp; I'm paying for it!",PREMIUM_SUBSCRIPTION,HIGH,"Explicit request to cancel a Premium subscription."
113,2298,199138,"Why would you put a photo on my spotify profile @SpotifyCares @115888 w/o my consent? w/c u took frm my fb acct?",ACCOUNT_LOGIN_SECURITY,HIGH,"Unauthorized account/profile change involving linked Facebook account."
114,27243,1998302,"@SpotifyCares is there any Siri integration with Spotify?",FEATURE_REQUEST,HIGH,"Asks about platform integration support."
115,37160,2598671,"@SpotifyCares hi! you've probably heard this question all week but, is Taylor Swifts 'reputation' on Spotify yet? I heard maybe midnight but I don't see it? ☺",MUSIC_CONTENT_AVAILABILITY,HIGH,"Specific album availability question."
116,22268,1800742,"This is devastating, but I think Samantha Mumba's OG ""Gotta Tell You"" is gone from @116380. The remix is not the same!!",MUSIC_CONTENT_AVAILABILITY,HIGH,"Specific song/version appears to have been removed."
117,24775,189825,"Students now get access to Hulu with Spotify Premium. And it’s still just $4.99/month. https://t.co/u2Yb1qUpnR",FAMILY_STUDENT_PLANS,MEDIUM,"Student Premium plan information; not a support issue."
118,36687,2572197,"why The suburbs by @10789 is not available in @115888 :( ?",MUSIC_CONTENT_AVAILABILITY,HIGH,"Specific song is unavailable."
119,18129,1488418,"@SpotifyCares can i have some help with an account issue",GENERAL_OTHER,LOW,"Account issue is unspecified."
120,9169,760621,"@SpotifyCares had an email from you saying my email address had been changed, meant I couldn't log in to change password. Advise please",ACCOUNT_LOGIN_SECURITY,HIGH,"Email changed and login/password access affected."
121,34325,2395919,"@SpotifyCares Thanks for getting back to me. A staggering 9327 at the minute...",GENERAL_OTHER,LOW,"Insufficient context to identify the issue."
122,34276,2393593,"Is there a way to stop @115888 from suggesting the same intolerable song in the Weekly list every other week? On an entirely related note, Group X - Arabian Rap Sensations, you are insufferable and not funny.",FEATURE_REQUEST,HIGH,"Requests control over repeated recommendations."
123,32694,2294399,"@SpotifyCares Ok thanks! I voted to please build an app for it! I may have to switch to Apple music otherwise so I can run with playlists",FEATURE_REQUEST,HIGH,"Requests an app/platform feature."
124,40055,2802526,"@SpotifyCares Hello, my account got hacked recently. Could you please send a reply/help too ""__email__"" thank you!",ACCOUNT_LOGIN_SECURITY,HIGH,"Explicit hacked-account problem."
125,30564,2182208,"@SpotifyCares Hey guys! How can my friend change the Facebook registered e-mail in my account? We've already updated his e-mail info in Facbook, but nothing seems to happen to spotify account?",ACCOUNT_LOGIN_SECURITY,HIGH,"Account email/linkage change is not working."
126,30655,2190734,"@SpotifyCares I think that's the version #. OS is windows 10, and a laptop https://t.co/5XejrX3YSk",GENERAL_OTHER,LOW,"Device/version information only; no issue stated."
127,26713,1973046,"@SpotifyCares Also discovered the song (https://t.co/JJVF0IXR2L) will begin at 1:12 or 1:13 when pressing the back button on the song, forward, or just letting it play next in queue, but not when pressing play on the song (if that helps any).",PLAYBACK_ISSUE,HIGH,"Song starts at the wrong timestamp during playback."
128,10706,873995,"A lot of good music came out today, but most of it was not featured in the @115888 new releases section... what’s with that",FEATURE_REQUEST,MEDIUM,"Complaint/request about how new releases are surfaced."
129,14122,1145862,"@SpotifyCares I did. There's a plethora of users having problems with you app in Windows 10 Phone. Check the comments. Thanks you.",APP_TECHNICAL_ISSUE,HIGH,"Windows app has technical problems."
130,659,64386,"@SpotifyCares hellow I need some help with this i cant connect with the facebook app https://t.co/gzAygdZrEV",ACCOUNT_LOGIN_SECURITY,HIGH,"Unable to connect Spotify with Facebook account."
131,1784,163727,"@SpotifyCares I signed up for a student account but I was charged $9.99",FAMILY_STUDENT_PLANS,HIGH,"Student plan was charged at the wrong/full price."
132,10585,866200,"@SpotifyCares iPhone 6s. Newest operating system. Newest version of Spotify.",GENERAL_OTHER,LOW,"Device/software information without a stated issue."
133,27958,2036355,"@117153 Good evening, folks changed my premium plan for family plan. My wife received an invitation but nothing happens.",FAMILY_STUDENT_PLANS,HIGH,"Family-plan invitation/activation problem."
134,37965,79419,"@SpotifyCares I’ve sent you a message and you’re not still responding",GENERAL_OTHER,HIGH,"Complaint about support response, not a product issue."
135,41559,2909837,"Why aren't my favorite Aaliyah songs on @115888 I'm mad 😠",MUSIC_CONTENT_AVAILABILITY,HIGH,"Specific songs are unavailable."
136,38612,2708590,"@spotifycares Please help. I'm being charged twice a month, but only have one account. How can I locate the second account that's charging to my visa? I've tried suggestions on your help page and am stumped.",PAYMENT_BILLING,HIGH,"Duplicate/unauthorized billing charge."
137,12146,981140,"@115888 bruh y'all removed Dreams and Gasoline by Rob Baird and the entire album of deadmau5's Get Scraped, what's the deal?",MUSIC_CONTENT_AVAILABILITY,HIGH,"Songs/albums were removed."
138,10113,836548,"@SpotifyCares Everything else is fine until this one ad comes up. Not sure if you’ll know it but it has pictures or photos being split up and spread out.",ADS_FREE_TIER,MEDIUM,"Complaint about a specific advertisement."
139,40792,2855910,"@115888 can u get ur shit together with my discover weekly. Thanks",GENERAL_OTHER,LOW,"Discover Weekly problem is too vague to classify."
140,16366,1302070,"@SpotifyCares most of the time i use the mobile version is when im not connected to the internet , so this is kinda of a big deal breaker for me.",DOWNLOAD_OFFLINE,HIGH,"Offline/mobile use is the key concern."
141,12102,979810,"@SpotifyCares I have already restarted and logged out and it didn't work. The android version is 7.1.1 and the app version is 8.4.22.857.",GENERAL_OTHER,LOW,"Troubleshooting details are given but the actual problem is missing."
142,33279,2317186,"@115888 I don't want to have to open Spotify all the way to see which song is playing and save to library",FEATURE_REQUEST,HIGH,"Requests easier song/library access in the UI."
143,17985,1476027,".@115888 Will there be a user based year in review this year?",FEATURE_REQUEST,HIGH,"Requests/asks about a Year in Review feature."
144,26752,1974252,"@SpotifyCares I have been trying to enter my new card details in the update payment details box for two days and it says the card doesn't work",PAYMENT_BILLING,HIGH,"Payment card update is failing."
145,36040,2526434,"@SpotifyCares iOS 11.1.1 Spotify 8.4.26.793",GENERAL_OTHER,LOW,"Version information only; no issue stated."
146,37648,2623507,"@115888 is there a setting to stop shoving @135616 down my throat?",FEATURE_REQUEST,HIGH,"Requests control over recommendations."
147,26339,1961287,"Hi @SpotifyCares My wife’s account appears to have stopped working. She can’t log in at all. Can you advise how we can check it’s active?",ACCOUNT_LOGIN_SECURITY,HIGH,"Cannot log in to the account."
148,8128,677097,"@SpotifyCares Hello Spotify ur new family plan is giving me a headache... so many issues with it.. would love to hear from you... cuz I just canceled it after being a diligent customer of 3 years and talking all my family into the service... we need to talk asap https://t.co/4vLDOZ53h5",FAMILY_STUDENT_PLANS,HIGH,"Multiple problems with Family plan."
149,15024,1214663,"@131098 waarom kan ik de premium for students aanbieding alleen maar via creditcard betalen? En niet Ideal?",FAMILY_STUDENT_PLANS,HIGH,"Student-plan payment eligibility/method issue."
150,21202,1754503,"Already incredibly pissed off with @116130 deleting my downloads yet again, 2 days in a row, will be cancelling if it keeps up. #spotify",DOWNLOAD_OFFLINE,HIGH,"Downloaded music is repeatedly deleted."
151,14224,1156870,"@115888 did you know people move. And need to change their address to share family access to premium? Why can't I do that online? KTHXBYE",FAMILY_STUDENT_PLANS,HIGH,"Family-plan address/location eligibility issue."
152,1839,166674,"Can @115888 fix the android app so that it doesn't pause other android apps if Spotify is changing song on a completely different device?",APP_TECHNICAL_ISSUE,HIGH,"Cross-device Android app behavior is malfunctioning."
153,27902,2035020,"@115888 cards not working... time for Pandora",PAYMENT_BILLING,HIGH,"Payment cards are not working."
154,25613,1929923,"@115888 @SpotifyCares @117168 Thank you for joining this announcement. Two words. Synchronized. Listening. Let's make it happen!!",FEATURE_REQUEST,HIGH,"Requests synchronized listening functionality."
155,4760,429676,"Hey @115888 it would be real cool if you could stop playing trailers for horror movies and giving me anxiety when I try to listen to music",ADS_FREE_TIER,HIGH,"Complaint about ads/trailers shown to the user."
156,7117,615420,"@115888 I paid my premium account, I had around 1,000 songs downloaded but it said I have reached the 10,000 limit. Why?",DOWNLOAD_OFFLINE,HIGH,"Downloaded/offline track limit issue."
157,22700,1816305,"@SpotifyCares but I still haven't received the new invitation to join the Family group again. What can I do? 2/2",FAMILY_STUDENT_PLANS,HIGH,"Family-group invitation problem."
158,21237,1757050,"@115888 where’s reputation at ??",MUSIC_CONTENT_AVAILABILITY,HIGH,"Question about availability of Reputation."
159,22956,1626585,".@SpotifyCares im cool w you playing suggested and related music for me but do not ever play halsey for me ever again thats just rude",FEATURE_REQUEST,HIGH,"Requests control over recommendations."
160,29238,2081477,"@SpotifyCares hi, i cancelled my free trial before it ended, but i don’t think it cancelled properly, because i’ve had money taken from -",PAYMENT_BILLING,HIGH,"Charged after supposedly cancelling a trial."
161,42553,2939734,"@SpotifyCares I don't have Spotify but someone seems to of accidentally entered my email instead of theirs when registering. I did not click the link in the confirm account email but since then I've got 5 more emails including one which said I'm now fully signed up.",ACCOUNT_LOGIN_SECURITY,HIGH,"Unexpected account registration using the user's email."
162,35270,2473659,"@115888 why is it your system always has problems playing the commercials. I have 100mbs service and it always buffers. Maybe you should go to sound only!",PLAYBACK_ISSUE,HIGH,"Commercials themselves are buffering/failing during playback."
163,33139,2311300,"@SpotifyCares Ah yeah, I’ve read that. What is the reason for it and is there any way around it? (e.g. Higher tier subscription option)",ADS_FREE_TIER,MEDIUM,"Reference is unclear, but higher-tier subscription workaround suggests an ad/free-tier limitation."
164,36816,2578883,"Why is Francesca (@99810) - “all I had” not on @115888 ?! @SpotifyCares",MUSIC_CONTENT_AVAILABILITY,HIGH,"Specific song is unavailable."
165,22550,1811543,"@SpotifyCares someone stole my account.",ACCOUNT_LOGIN_SECURITY,HIGH,"Explicit account theft/security problem."
166,32444,2289027,"what does this even mean @115888 https://t.co/fA2j7HmX5s",GENERAL_OTHER,LOW,"Insufficient context; refers only to an image/link."
167,32726,2295029,"@115888 Seriously considering switching to Apple Music since yall are too lazy to update your app for the iPhone X, and even bother with Apple Watch support",APP_TECHNICAL_ISSUE,HIGH,"Primary complaint is lack of device/app support and optimization."
168,30068,2144223,"Gee, thanks @115888 for randomly deleting my entire library. So pumped to redownload everything all over again",PLAYLIST_LIBRARY,HIGH,"Entire music library was deleted."
169,12114,980167,"@115888 please make the spotify mobile app available in india.. spotify is amazing!!",MUSIC_CONTENT_AVAILABILITY,HIGH,"Requests service/app availability in India."
170,9416,783504,"@SpotifyCares I’ve done that and it’s still just as slow, I’ve uninstalled the app, logged out and back in but the slow speeds remain",APP_TECHNICAL_ISSUE,HIGH,"Persistent app performance/slowdown problem."
171,26702,1973022,"@SpotifyCares Hi RR, here's the email with the dodgy dates, just thought I'd reciprocate amd reach out with a playlist as you guys do such a great job - https://t.co/oAo3dNvIWf https://t.co/SRbi38lnCv",GENERAL_OTHER,LOW,"Context is unclear and no specific Spotify support issue is identifiable."
172,1139,111995,"@SpotifyCares Are we going to have Year in Music this 2017?",FEATURE_REQUEST,HIGH,"Asks about the Year in Music feature."
173,2377,207212,"What’s wrong with Spotify’s volume? It’s gone all the way down @SpotifyCares",PLAYBACK_ISSUE,HIGH,"Audio volume during playback is malfunctioning."
174,33614,2338879,"@115888 on two separate occasions, after an upgrade the songs I had marked as download reverted to none download. Bummer when on the train.",DOWNLOAD_OFFLINE,HIGH,"Offline/download status is being reset after updates."
175,40572,2837830,"@SpotifyCares hello! I'm subscribed to student premium but somehow it's charging me without the discount? (Its been 2 months)",FAMILY_STUDENT_PLANS,HIGH,"Student-plan discount is not being applied."
176,42830,100177,"All clear! Everything’s looking good again. Enjoy the tunes.",GENERAL_OTHER,HIGH,"Closing/positive message, not an issue."
177,33266,2316884,"@115888 hi, my account has locked me out &amp; won't let me submit a new password request. Help please!",ACCOUNT_LOGIN_SECURITY,HIGH,"Locked account and password-reset problem."
178,32541,2290945,"@SpotifyCares help I can't use the share option",APP_TECHNICAL_ISSUE,HIGH,"Existing share functionality is not working."
179,14536,1174975,"@SpotifyCares I've been dealing with a billing issue for more than an hour now. This entire thing could have been solved in less than 10 minutes.",PAYMENT_BILLING,HIGH,"Explicit billing issue."
180,37086,2596620,"@SpotifyCares Roku app not phone app",GENERAL_OTHER,LOW,"Likely a clarification about device/app context; no actual issue stated."
181,26839,1978827,"Hey @115888 put this in one of ur fav playlist pls https://t.co/4v0lcn3vG1",GENERAL_OTHER,MEDIUM,"Personal request to add a song to a playlist; not a product feature request."
182,3074,278109,"@SpotifyCares Still the same.",GENERAL_OTHER,LOW,"Insufficient context."
183,31720,2246481,"@125633 our related artists on Spotify are death metal bands. Say whaaaa?",FEATURE_REQUEST,MEDIUM,"Complaint about incorrect artist recommendations."
184,11267,907663,"@SpotifyCares hi! I'm in Canada and can't play ANY of @335536's music. I can see all of her songs but can't play. I'm dying. pls help.",MUSIC_CONTENT_AVAILABILITY,HIGH,"Artist catalog is visible but unavailable for playback in the region."
185,15025,1214668,"Hey @115888 I think you missed a letter @118062 #woops #doesntshealreadykindahateyouguys https://t.co/G9gUBtvk3u",GENERAL_OTHER,LOW,"No clear support issue."
186,1155,113827,"@SpotifyCares My Facebook account is no longer active so I am unable to log into new devices, however I am still somehow logged into my account on several devices... how can I log in using my user ID: 1252945587",ACCOUNT_LOGIN_SECURITY,HIGH,"Login/access problem caused by unavailable linked Facebook account."
187,24826,1897198,"@115888 where is Kesha's ""Praying"" on your #MeToo playlist? 🤔",FEATURE_REQUEST,MEDIUM,"Requests/inquires about inclusion of a song in a curated playlist."
188,6752,578816,"explain @115888 https://t.co/HTlwX0x9Kq",GENERAL_OTHER,LOW,"Insufficient context."
189,30315,2162619,"@115888 @116130 @SpotifyCares please please please bring back your year in music for 2017!!!",FEATURE_REQUEST,HIGH,"Requests return of the Year in Music feature."
190,3020,274121,"@SpotifyCares hi there, I'm trying to add my brother to my family subscription but he isn't receiving the email invite please advise...",FAMILY_STUDENT_PLANS,HIGH,"Family-plan invitation problem."
191,14477,1169153,"@SpotifyCares I have a premium subscription but Spotify account has changed to free account.Subscription on iPhone states it renews on 11/19",PREMIUM_SUBSCRIPTION,HIGH,"Premium account incorrectly changed to Free."
192,5887,77694,"3 bulan Premium hanya Rp 4.990. Putar musik offline di mana saja. https://t.co/OaXjQ0a5lO",GENERAL_OTHER,HIGH,"Promotional/marketing message, not a support issue."
193,25777,1934744,"I will fucking uninstall @SpotifyCares if i hear the transformers add one more time.",ADS_FREE_TIER,HIGH,"Complaint about repeated advertising."
194,34051,2376242,"@SpotifyCares still no iPhone X optimized update? Companies with far less resources have had their updates ready for weeks 😕",APP_TECHNICAL_ISSUE,HIGH,"iPhone X app optimization issue."
195,17672,1446613,"Spotify isn't working and I don't know how to fix it",APP_TECHNICAL_ISSUE,HIGH,"General Spotify/app malfunction."
196,37121,2597245,"@5795 This is too specific, but I want a way to signal my interest without saving to my library. There are many tracks/albums that aren't impactful on first listen but worth revisiting... and bookmarking/save for later features often feel like digital hoarding",FEATURE_REQUEST,HIGH,"Explicitly requests a save/bookmark-for-later feature."
197,43187,2986599,"@SpotifyCares Fb Error reads “there is an error logging into your application. Try again later”",ACCOUNT_LOGIN_SECURITY,HIGH,"Facebook login/authentication error."
198,4587,415247,"@115888 can y’all put Purple Reign by @209394 back",MUSIC_CONTENT_AVAILABILITY,HIGH,"Requests a removed song to be restored."
199,2529,225353,"@SpotifyCares I reinstall but still the problem 😔",GENERAL_OTHER,LOW,"Problem is unspecified."
200,41716,2912565,"WHY ARE YOU GUYS STILL CHARGING ME I CANCELLED 3 MONTHS AGO @115888 @SpotifyCares",PAYMENT_BILLING,HIGH,"Continued billing after cancellation."
201,7003,607484,"@116130 When are you releasing amazon echo multi room support???",FEATURE_REQUEST,HIGH,"Requests Amazon Echo multi-room support."
202,30134,2150426,"@115888 @SpotifyCares seriously? https://t.co/hTCjjTzhgA",GENERAL_OTHER,LOW,"Insufficient context; image/link alone does not identify the issue."
203,8371,695465,"@115888 I paid for premium &amp; still hear commercials. You withdrew money from my account, but my spotify account shows no receipt. Now what?",ADS_FREE_TIER,HIGH,"User is still receiving ads despite Premium; ads are the primary complaint."
204,38279,2678323,"@115888 trying to update my payment details and it takes me to this page and does not accept my NUS card number? NUS doesn't expire until 2020 https://t.co/9BMgYBiI6N",PAYMENT_BILLING,HIGH,"Payment card/details update is failing."
205,35347,2477821,"Having trouble switching my payment plan to use my Vodafone bundle. The Vodafone site keeps asking me to cancel my current sub. I've spoken to them and they pointed me to you - @SpotifyCares",PAYMENT_BILLING,HIGH,"Problem changing payment/subscription payment method through Vodafone."
206,37681,1942520,"@115888 sooo if i already had the student discount last year can i still get hulu?",FAMILY_STUDENT_PLANS,HIGH,"Question about eligibility for the student plan/Hulu benefit."
207,6782,583080,"@SpotifyCares Spotify starts up on Windows 10 even though it is disabled from settings and task manager. There seems to be no definite fix. https://t.co/MA5fyomEpT",APP_TECHNICAL_ISSUE,HIGH,"Spotify app starts unexpectedly on Windows."
208,15529,1244499,"@SpotifyCares ... app on my laptop is not showing that I have a Premium account",PREMIUM_SUBSCRIPTION,HIGH,"Premium status is not recognized in the app."
209,9513,789808,"I really don't know why I keep paying for @115888 trash ass...how all my music disappear after I deleted and re downloaded the app #overit",PLAYLIST_LIBRARY,HIGH,"User reports music/library disappearing after reinstall."
210,42822,2959344,"Is anyone else’s @115888 being weird today?? It won’t load any of my songs???",PLAYBACK_ISSUE,HIGH,"Songs are not loading for playback."
211,1418,130876,"Spotify has removed all my tracks it appears",PLAYLIST_LIBRARY,HIGH,"User's saved tracks/library have disappeared."
212,12952,1052725,"@SpotifyCares Been having trouble using the web player in Chrome lately (both Windows PC and Chromebook). Any tips to get it working again?",APP_TECHNICAL_ISSUE,HIGH,"Web player functionality problem."
213,12240,993170,"@115888 How can i avail this 9 PESOS premium??",PREMIUM_SUBSCRIPTION,HIGH,"Question about obtaining a Premium offer."
214,20429,1695220,"@117153 The Spotify web player is not working in Google Chrome. Sends me to a ""Bad Request"" page.",APP_TECHNICAL_ISSUE,HIGH,"Web player/browser error."
215,42357,2928143,"hey @115888 &amp; @127972, tryna update the interface on the app? I'm happy it exists but it literally feels like I'm using a DVD player from 2002",FEATURE_REQUEST,HIGH,"Requests an interface/UI improvement."
216,4481,406694,"HI @115888 CAN U BRING BACK THE TOUCH PREVIEW I'M BEGGING",FEATURE_REQUEST,HIGH,"Requests return of a removed feature."
217,43021,2972071,"It genuinely upsets me that the Piglet's Big Movie soundtrack is not on Spotify. @115888 explain yourself",MUSIC_CONTENT_AVAILABILITY,HIGH,"Specific soundtrack is unavailable."
218,41561,2909841,"@SpotifyCares For some reason I am being charged $9.99 a month even though I've had the student discount this whole year. I renewed the student discount a few months ago because I am still enrolled at UF. Can i be refunded the $9.99 charge so I am only charged $4.99 instead?",FAMILY_STUDENT_PLANS,HIGH,"Student discount is not being applied; the plan eligibility/discount is the primary issue."
219,12782,1036111,"I DON'T WANNA SPEND MONEY ON SPOTIFY, WHY DOES THIS SHIT STILL EXIST https://t.co/lgY4G216oA",ADS_FREE_TIER,MEDIUM,"Likely complaint about Spotify ads/free-tier monetization; context is limited."
220,18095,1486999,"@SpotifyCares Hello! I am trying to connect my Spotify with Hulu, but Hulu is saying that they are having trouble authorizing my account.",FAMILY_STUDENT_PLANS,HIGH,"Spotify-Hulu account/authorization issue tied to the bundled plan."
221,27843,2031967,"Upgraded my phone and now I can’t log into Spotify Premium anymore @SpotifyCares",ACCOUNT_LOGIN_SECURITY,HIGH,"Unable to log in after changing devices."
222,31960,2264805,"@SpotifyCares please add a feature that lets me completely remove an artists from my suggestions. please. i am begging. No matter how often I downvote certain artists on my stations I still end up with 5 more songs suggested for the radio playlist.",FEATURE_REQUEST,HIGH,"Explicit request to block/remove artists from recommendations."
223,32455,2289615,"@115888 HI, I'm new to Spotify. How do I see the lyrics like in @1122? This is very important for me. Thanks.",FEATURE_REQUEST,HIGH,"Asks for lyrics functionality."
224,23293,1840167,"@SpotifyCares No not at all",GENERAL_OTHER,LOW,"Insufficient context."
225,30992,2204456,"Hi @SpotifyCares - My followers had two major unexplained drops (see screen shot) earlier this year, even as my streams have climbed higher than ever before. If not for the drops, I'd have nearly 20,000 followers. Help!!! https://t.co/PDYa0IukqP",GENERAL_OTHER,MEDIUM,"Follower-count issue does not fit the defined 12 categories."
226,22447,1807590,"@SpotifyCares dm me I’m fucking furious",GENERAL_OTHER,LOW,"No specific issue stated."
227,6715,67693,"@SpotifyCares I’m having trouble on my Win 7 computer after the new update. Says it’s missing ‘api-ms-win-core-processthreads-|1-1-1.dll’",APP_TECHNICAL_ISSUE,HIGH,"Application/system error after update."
228,10388,854760,"@SpotifyCares I will try. Thank you for your kindness today!",GENERAL_OTHER,HIGH,"Thank-you/closing message."
229,163,19242,"Ini kenapa setiap buka app mesti log-in lagi? @118266",ACCOUNT_LOGIN_SECURITY,HIGH,"User has to log in every time the app opens."
230,9828,820745,"@SpotifyCares This is the version https://t.co/7Gehlu06rT",GENERAL_OTHER,LOW,"Version information only; issue is not stated."
231,33683,2346327,"@115888 When are you coming to India, officially?",MUSIC_CONTENT_AVAILABILITY,HIGH,"Service availability by country."
232,31713,2246451,"@SpotifyCares hey does the number under neath my song mean that’s how many times it was streamed ? https://t.co/yD71IihV0j",GENERAL_OTHER,HIGH,"General informational question not covered by the taxonomy."
233,6195,555476,"@SpotifyCares yo just got the advert for a years Spotify for £99. Can’t find out how to do it though? Send me a link x",PREMIUM_SUBSCRIPTION,HIGH,"Question about purchasing a Premium yearly offer."
234,3836,346211,"@SpotifyCares before updating to IOS 11 i wasn’t directed to twitter app everytime i want to share a song. i was very happy with the way it used to be :(",APP_TECHNICAL_ISSUE,HIGH,"Sharing behavior changed/broke after an OS update."
235,30609,2183077,"@spotifycares the codes I’m being sent are invalid for the family premium, help please!",FAMILY_STUDENT_PLANS,HIGH,"Family Premium redemption/activation codes are invalid."
236,37418,2614482,"Why isn't there an option to block artists if you don't want them on shuffle its annoying @115888 please add an option to block",FEATURE_REQUEST,HIGH,"Requests artist-blocking functionality."
237,8396,698865,"@SpotifyCares I've tried signing out and in, restarting my computer, and several different web browsers. :(",APP_TECHNICAL_ISSUE,MEDIUM,"Troubleshooting indicates an unresolved app/web technical issue, though exact symptom is omitted."
238,1771,162233,"@153455 @9404 I went on a Spotify binge but noticed these songs are missing. I filed for them to be added since they're on the Itunes store I figured I can try. Please help me!! Thank you!' https://t.co/85oXVxFCGf",MUSIC_CONTENT_AVAILABILITY,HIGH,"Specific songs are missing and user requests they be added."
239,12197,986282,"Um @115888 https://t.co/OyObuwjodf",GENERAL_OTHER,LOW,"Insufficient context; only a link is provided."
240,35180,2466887,"@SpotifyCares How can I change my 'similar artists'? It are Classic Composers. My music is improvised, ambient and neo Classic. Johan Bakker",FEATURE_REQUEST,HIGH,"Requests control over similar-artist recommendations."
241,34624,2420496,"@115888 Good morning, this morning my account is now set as free when I pay my Mobile Provider for the account (Fido.ca) What's wrong?",PREMIUM_SUBSCRIPTION,HIGH,"Paid/bundled account unexpectedly appears as Free."
242,27217,1997120,"@SpotifyCares - I've tried 3x to email support to cancel my daughter's acct. My Credit Card is still being charged after I told u to cancel",PAYMENT_BILLING,HIGH,"Continued charges after cancellation."
243,35359,2479180,"Seriously, @115888. This feature is important to me. https://t.co/BHtkRnBuTX",FEATURE_REQUEST,MEDIUM,"Refers to a desired feature, though exact feature is in the linked content."
244,5966,532738,"@SpotifyCares how do I switch from monthly billing to the yearly plan?",PAYMENT_BILLING,HIGH,"Question about changing billing frequency/payment plan."
245,30946,2203753,"What's up with the 39% battery usage @SpotifyCares?? https://t.co/XA0tc8amDf",APP_TECHNICAL_ISSUE,HIGH,"Excessive battery usage is an app technical/performance issue."
246,8025,668711,"Couldnt even wait until the end of the month to put me back to a basic account but still took money out of my final check? @SpotifyCares",PAYMENT_BILLING,HIGH,"User was downgraded but still charged."
247,20710,1715187,"@115888 what’s the story with you guys not having this on your system? @519456 not happy about it either. https://t.co/TeavpJI8pE",GENERAL_OTHER,LOW,"Insufficient context about what is missing."
248,28924,6543,"@117153 @SpotifyCares On the website I have premium but on the app on my phone is still says free. And my bank statement says it went through. I don’t know?",PREMIUM_SUBSCRIPTION,HIGH,"Paid Premium status is not reflected in the app."
249,662,64398,"@SpotifyCares I'm having issues syncing my devices. It's often taking hours before changes are synced across from my desktop app to iOS.",APP_TECHNICAL_ISSUE,HIGH,"Device synchronization problem."
250,11549,932757,"@115888 @61267 are you going to launch your services in INDIA?",MUSIC_CONTENT_AVAILABILITY,HIGH,"Service availability by country."
251,5113,464463,"Great work @SpotifyCares . Thanks for fixing my account!!",GENERAL_OTHER,HIGH,"Positive feedback/closing message."
252,37406,2614456,"@SpotifyCares Thank you for your reply even if there isn’t a solution yet.",GENERAL_OTHER,HIGH,"Thank-you/closing message."
253,10549,864267,"@116130 I my having problems playing certain songs, on mobile and PC on multiple connection, I have tried re dl the app but to no avail",PLAYBACK_ISSUE,HIGH,"Certain songs fail to play across devices/connections."
254,23029,1830973,"@SpotifyCares FYI https://t.co/BVVHL48QgA",GENERAL_OTHER,LOW,"Link/context only; no clear issue."
255,15424,1239133,"@408281 @115888 @SpotifyCares @2894 @31847 Is there any chance of getting the #Wolves video exclusive available worldwide?",MUSIC_CONTENT_AVAILABILITY,HIGH,"Requests wider availability of specific content."
256,8732,720711,"@SpotifyCares hi there, I can’t seem to change my card details to continue premium account",PAYMENT_BILLING,HIGH,"Unable to update payment card details."
257,978,100138,"@SpotifyCares My playlists don't sync between the Desktop app (on Mac), my phone (Android), and the web player. They're all different. Please help.",PLAYLIST_LIBRARY,HIGH,"Playlist synchronization problem."
258,38606,2708577,"@SpotifyCares Hello, I was suddenly logged out of my account today and am now unable to reset my password. My username is hannahbellbarnes and my email is __email__",ACCOUNT_LOGIN_SECURITY,HIGH,"Unexpected logout and password-reset failure."
259,27148,1498038,"Spotify doesn't have the new Sufjan Steven songs and I'm just like... https://t.co/Uy8pz3sjE4",MUSIC_CONTENT_AVAILABILITY,HIGH,"New songs are unavailable."
260,26391,1962511,"Hey @116130 - is it possible to ACTUALLY shuffle music rather than just mix the 30/40 songs surrounding the one I selected?",PLAYBACK_ISSUE,HIGH,"Shuffle behavior affects actual playback ordering."
261,19293,1589490,"Why the fuck do you make ads so damn loud @115888",ADS_FREE_TIER,HIGH,"Complaint about advertisements."
262,13795,1112058,"@SpotifyCares so I got rid of a certain artist from a playlist but their songs keep playing in my queue, is there a way to refresh it?",PLAYBACK_ISSUE,HIGH,"Unwanted songs continue playing in the queue."
263,33890,2363305,"@SpotifyCares is there any way to listen to music without premium and not have it go to suggested songs,,",ADS_FREE_TIER,MEDIUM,"Question about Free-tier limitations and suggested content."
264,11348,914236,"@SpotifyCares hi ! My spotify app keeps playing random songs and not the one i want, its weird cuz when im on desktop works properly",PLAYBACK_ISSUE,HIGH,"Playback starts the wrong/random songs."
265,41773,2913869,". @115888 Um, web player issues? =(",APP_TECHNICAL_ISSUE,MEDIUM,"Explicitly mentions web-player issues but gives little detail."
266,37664,2625422,"Hello @SpotifyCares I have emailed you about artist @741597 account being hacked. Pls assist or reply to __email__",ACCOUNT_LOGIN_SECURITY,HIGH,"Explicit hacked-account/security issue."
267,30893,2202374,"Hey @SpotifyCares I need some help. I was listening this AM and then kept getting interrupted by an unknown person using my account",ACCOUNT_LOGIN_SECURITY,HIGH,"Unknown person using the account indicates account compromise."
268,17580,1435064,"@SpotifyCares Hi I missed to address verification, now my account so free, how to his join again ?",FAMILY_STUDENT_PLANS,HIGH,"Plan/account status changed after verification issue; context indicates family/student eligibility."
269,1147,113808,"@SpotifyCares You *REALLY* need to finally, actually, DO something about the 10,000 song limit in users' libraries. Especially for a service that prides itself on helping discovery of new tracks.",FEATURE_REQUEST,HIGH,"Requests changing the library song limit."
270,9178,761826,"@SpotifyCares they are totally different issues. One is about wanting to be able to relabel devices. My issue is all the devices being given the same name",APP_TECHNICAL_ISSUE,HIGH,"Device naming behavior is incorrect."
271,16175,1287127,"@115888 Some hussy took over my account pls help https://t.co/nHOOFbkuc4",ACCOUNT_LOGIN_SECURITY,HIGH,"Account takeover/security issue."
272,6615,572090,"@SpotifyCares why did the student discount and Hulu get taken off my account and why did I get charged $9.99 for this month of Spotify?",FAMILY_STUDENT_PLANS,HIGH,"Student discount/Hulu benefit was removed; bundled student plan is central."
273,26122,1948782,"Others having trouble with holding subscription active? @spotifycares; ""seems your card or payment provider is having a bad day""",PAYMENT_BILLING,HIGH,"Payment provider/card issue affecting subscription renewal."
274,34420,2404040,"@SpotifyCares I promise you i don’t listen to Lil Pump and Xxxtentacion",FEATURE_REQUEST,MEDIUM,"Likely feedback/request concerning unwanted recommendations; context is limited."
275,12259,995617,"@115888 when will spotfiy come to more countries?",MUSIC_CONTENT_AVAILABILITY,HIGH,"Service availability by country."
276,40673,2848320,"@SpotifyCares However, if I’m playing music and open snapchat, it stops too and won’t reply. I have to open Spotify, and cold reboot the app by holding the power button until the power off sign and then the home button.",APP_TECHNICAL_ISSUE,HIGH,"App stops functioning when another app is opened; technical multitasking issue."
277,40421,2824398,"@SpotifyCares I already tried this trial deal, and ever since it ran out Im having 4-5 ads them a song then another chain of ads. Not the way it should work. And on top of it, when I listen to ads that should give 30 min ad free, I still get ads after. Horrible experience so far.",ADS_FREE_TIER,HIGH,"Excessive ads and failure of an ad-free reward."
278,41816,89502,"@SpotifyCares It’s been over a year since Lemonade came out. No more “looking into it” 🍋",MUSIC_CONTENT_AVAILABILITY,MEDIUM,"Likely refers to unavailable music content; limited context."
279,22323,1802990,"@SpotifyCares can't login now because I set the app to offline mode before the update... Hitting connect won't do anything 😱 https://t.co/fPMcnCsMx4",ACCOUNT_LOGIN_SECURITY,HIGH,"Unable to log in/connect after offline mode."
280,8429,381244,"@115888 is there not another way to get this without using a card?",PAYMENT_BILLING,HIGH,"Question about alternative payment methods."
281,36147,2536593,"Is there a way to make a playlist that is the mutually liked recommendations from two different @115888 accounts? @721583 (for marital harmony on long car journeys. Like a Venn diagram of discover weeklies)",FEATURE_REQUEST,HIGH,"Requests a shared/recombined playlist recommendation feature."
282,42581,2942686,"@SpotifyCares @115888 None of my saved albums will play... Have had these kind of issues for weeks now.",PLAYBACK_ISSUE,HIGH,"Saved albums fail to play."
283,35958,2517271,"The new MacOS High Sierra update has broke the media controls on my MBPro keyboard - they no longer function?! @SpotifyCares @AppleSupport",APP_TECHNICAL_ISSUE,HIGH,"Media-control integration is broken after OS update."
284,19219,1583980,"@117153 I cant open Weekly Radio on @115888 Can you help me? i think this is so vital problem for me..",APP_TECHNICAL_ISSUE,HIGH,"A Spotify feature (Weekly Radio) cannot be opened."
285,30439,2175372,"look spotify you can not just remove one man army from my downloads",DOWNLOAD_OFFLINE,HIGH,"Downloaded/offline content was removed."
286,7192,468357,"@117153 I lost my premium. Help me...",PREMIUM_SUBSCRIPTION,HIGH,"Premium subscription was lost."
287,3369,307680,"@SpotifyCares @115888 But from the @118117 app I can see @115888 and resume listening This is frequent Now the ""connect to device"" is back to normal",APP_TECHNICAL_ISSUE,MEDIUM,"Device-connect functionality had been malfunctioning."
288,38967,2736555,"@SpotifyCares I have a premium account with spotify that's connected to a fb account I can no longer retrieve. I'd like to either cancel premium on this and make a new account, or preferably, and if at all possible, modify my current one to where I can use it without fb.",ACCOUNT_LOGIN_SECURITY,HIGH,"Cannot access the linked Facebook account and wants to regain account access."
289,5835,514134,"@115888 it isn't 1990 and you're not playing cd's. STOP SKIPPING!",PLAYBACK_ISSUE,HIGH,"Music playback is skipping."
290,43201,2987401,"@SpotifyCares Hey Guys, my family members cannot seem to be added to the Familly subscription. I have re-nominated them but it doesnt work.",FAMILY_STUDENT_PLANS,HIGH,"Family members cannot be added."
291,14403,1162391,"@115888 hi there, can you tell me why an album downloaded in my Premium account will not play?",DOWNLOAD_OFFLINE,HIGH,"Downloaded album cannot be played offline."
292,38289,2680430,"Wish @115888 were actually able to make a music streaming app that doesn't crash 17273737 times a day",APP_TECHNICAL_ISSUE,HIGH,"App crashes frequently."
293,6205,555498,"@115888 why do you the right to delete all my saved playlists. 😡🤬😡🤬. Subscription cancelled 👋",PLAYLIST_LIBRARY,HIGH,"Saved playlists were deleted."
294,12448,1016885,"@SpotifyCares No dices. Tryed that allready",GENERAL_OTHER,LOW,"Insufficient context."
295,27482,2011755,"@SpotifyCares Like i says im in the gym when i use Spotify. So im listening to stuff and i dont mind the odd advert. But its become more than music. 😤",ADS_FREE_TIER,HIGH,"Complaint about excessive advertising."
296,15696,1257211,"@115888 ????? I travel between 2 countries every single day for school..... WHY CANT I USE SPOTIFY https://t.co/YR7kDT7Kgs",MUSIC_CONTENT_AVAILABILITY,HIGH,"Service/location availability problem."
297,15020,1214639,"@115888 @117153 @SpotifyCares you guys gotta update the Android version. Every time #Spotify is in the background it stops working.",APP_TECHNICAL_ISSUE,HIGH,"Android app stops functioning in the background."
298,37592,2621381,"@SpotifyCares I've been trying that. I even follow, and unfollow, saved, and unsaved a track.",GENERAL_OTHER,LOW,"Troubleshooting actions are stated without the underlying issue."
299,19934,1655982,"@SpotifyCares Hey! 1.0.65.320.gac7a8e02 on PC/Windows 7. It says ""this song is not available"" for every track by Frank Ocean and King Krule.",MUSIC_CONTENT_AVAILABILITY,HIGH,"Songs are explicitly reported as unavailable."
300,16034,1277319,"@SpotifyCares Tried and still got this :( https://t.co/dui3kzvZAP",GENERAL_OTHER,LOW,"Insufficient context; screenshot/link does not reveal the issue here."
301,13789,1111323,"@SpotifyCares Can you explain how linking me spotify premium answers my question lol",GENERAL_OTHER,MEDIUM,"Support-response complaint without a clearly stated underlying issue."
302,22032,1793512,"@115888 if I have to re download songs one more time I’m canceling my membership",DOWNLOAD_OFFLINE,HIGH,"Repeated need to redownload songs indicates offline downloads problem."
303,27299,2001682,"@SpotifyCares Planning to release an iPhone X update for the app?",APP_TECHNICAL_ISSUE,HIGH,"Asks about device-specific app support/update."
304,713,70700,"@125633 @115888 @SpotifyCares allow us to purchase a download to the music in your catalogue. This will help you ""make a profit""",FEATURE_REQUEST,HIGH,"Requests ability to purchase/download music."
305,21465,1771360,"Turns out @115888’s family plan only works if you’re under the same roof, bc no one on earth doesn’t live with their family @SpotifyCares",FAMILY_STUDENT_PLANS,HIGH,"Family-plan household/location eligibility issue."
306,23642,1852014,"@SpotifyCares Cool, thanks! Just submitted this suggestion for desktop notifications https://t.co/ZXsyqEcb7H can I get a rt? 🤓",FEATURE_REQUEST,HIGH,"Explicitly submits a feature suggestion for desktop notifications."
307,42296,2921971,"I still wish the @115888 iPad app was more like the desktop version and not the phone version. It just looks and feels really bad to use. Not how you make a tablet app at all.",APP_TECHNICAL_ISSUE,HIGH,"iPad app UI/design is poor or unsuitable."
308,5512,496133,"@116130 sent you a DM received an email that looks like a scam pretending to be you?",ACCOUNT_LOGIN_SECURITY,MEDIUM,"Potential account/security phishing concern."
309,6724,576176,"@137949 @SpotifyCares Has a recent update broken playing Spotify on a Sonos Play1 using Spotify Connect from the Spotify app? #whoistoblame",APP_TECHNICAL_ISSUE,HIGH,"Spotify Connect/Sonos integration may be broken after an update."
310,13517,1096821,"@115888 I just started the premium 30-day trial. When I signed-in in my iphone it said 7-day trial. How long does this actually last?",PREMIUM_SUBSCRIPTION,HIGH,"Premium trial duration/status question."
311,30215,2155141,"Why does @115888 make it so hard to upgrade your subscription?! You'd think it's under ""Subscription"".",PREMIUM_SUBSCRIPTION,HIGH,"Problem navigating/upgrading the Premium subscription."
312,20014,1659863,"@SpotifyCares An uninstalled/reinstalled app fixed it, and everything is back to normal. Please don't let that become the new normal!",APP_TECHNICAL_ISSUE,MEDIUM,"Underlying issue was an app problem resolved by reinstalling."
313,24241,1870663,"Again, @115888 lost all my saved music. And since I’m on the subway I don’t have a steady internet connection to redownload.",PLAYLIST_LIBRARY,HIGH,"Saved music/library disappeared; offline limitation is secondary."
314,7387,381242,"@115888 paano ba to?",GENERAL_OTHER,LOW,"Insufficient context; generic question."
315,24166,1868091,"I am convinced that someone at @115888 enjoys giving me horrible Discover Weekly playlists. Thanks for pooping in my ears...",FEATURE_REQUEST,MEDIUM,"Negative feedback about Discover Weekly recommendations; closest category is feature/recommendation."
316,31581,2242869,"@SpotifyCares If presale is sold out would that be the problem?",GENERAL_OTHER,LOW,"Likely about a presale issue, which does not fit the 12-category taxonomy."
317,31025,2210927,"Thank you I did change passwords as well. I did delete the other two before I messaged you but they kept showing up. Thank you spotify th...",ACCOUNT_LOGIN_SECURITY,HIGH,"Password/security troubleshooting and unwanted account/device entries."
318,41383,2896763,"Well, since @115888 wants to tell me I’m not a student I guess they can reimburse me tuition too. 🤬",FAMILY_STUDENT_PLANS,HIGH,"Student eligibility/verification issue."
319,31510,2239721,"@SpotifyCares It's for my son so let me get his info",GENERAL_OTHER,LOW,"Contextual reply without a specific issue."
320,16636,1338951,"Ughhh so I’m not the only one! Aye @116130 @SpotifyCares I need this album for the drive home!! 😅🤦‍♂️ https://t.co/qKsOFeJgzl",MUSIC_CONTENT_AVAILABILITY,MEDIUM,"Likely refers to a missing/unavailable album; limited explicit detail."
321,4802,435892,"@SpotifyCares I have an Apple iPhone 7Plus running iOS 11.0.2 and my Spotify is 8.4.20",GENERAL_OTHER,LOW,"Device/version information only."
322,1607,149351,"WHY IS DAY6 NOT EVEN ON SPOTIFY YET???!!! THEY'RE SO TALENTED AND YET THEY'RE NOT ON SPOTIFY!!!!!! I REPEAT WHY SPOTIFY?? @115888 @7997 @SpotifyCares @116130 @125633 https://t.co/QHfLRyDYJv",MUSIC_CONTENT_AVAILABILITY,HIGH,"Specific artist/content is unavailable."
323,1715,158932,"@SpotifyCares Hi! I've changed my Facebook email but it's not changing on my Spotify account page...what do I do? Thanks!",ACCOUNT_LOGIN_SECURITY,HIGH,"Linked-account email change is not updating."
324,19936,1655983,"Please help @SpotifyCares, it's really annoying. https://t.co/OyZLwNX7NR",GENERAL_OTHER,LOW,"Insufficient context; relies on an external screenshot/link."
325,9259,189845,"@115888 What if I already have Hulu and spotify?",FAMILY_STUDENT_PLANS,HIGH,"Question about combining/existing Hulu and Spotify plans."
326,40159,2809539,"3 bulan Premium hanya Rp 4.990. Putar musik offline di mana saja. https://t.co/XsPGC4g8VT",GENERAL_OTHER,HIGH,"Promotional/marketing message, not a support issue."
327,32730,2295223,"@115888 you really released a new update but didn’t update your app for iPhone X? Apple Music sounding better and better all the time 💁🏻‍♂️💁🏻‍♂️💁🏻‍♂️",APP_TECHNICAL_ISSUE,HIGH,"Complaint about missing iPhone X app optimization."
328,38012,2653011,"@SpotifyCares Do you guys know when it will be available?",GENERAL_OTHER,LOW,"Object of 'it' is unclear without context."
329,31598,2245973,"@SpotifyCares @88411 When will the UE Blast get Alexa support for Spotify? Not being able to say a song is killing me.",FEATURE_REQUEST,HIGH,"Requests Alexa support for a device."
330,8797,724355,"@SpotifyCares And no, it's not the internet connection, I'm Youtubing music instead with no such issues",PLAYBACK_ISSUE,MEDIUM,"Context indicates Spotify playback problem despite normal internet performance."
331,23085,1833302,"All family redemption codes are invalid. Ongoing problem😡@SpotifyCares",FAMILY_STUDENT_PLANS,HIGH,"Family redemption codes are invalid."
332,27159,1993469,"@SpotifyCares Is there an Apple Watch app being developed atm? Could you just release a statement on this. It's been 3 years now",FEATURE_REQUEST,HIGH,"Requests Apple Watch support/app."
333,4737,429235,"@SpotifyCares Haha, just a very annoying song in this weeks “discover weekly”, which got stuck on my mind 😉",FEATURE_REQUEST,MEDIUM,"Feedback about unwanted Discover Weekly recommendation."
334,42271,2920785,"Okay I thought I was the only one. But @115888 is down 🙃",APP_TECHNICAL_ISSUE,HIGH,"Spotify service/app is reported as down."
335,13632,1101315,"@SpotifyCares I want to get the student promo 4 Spotify premium &amp; Hulu but I have my account with my fb profile that doesn't use my @47292",FAMILY_STUDENT_PLANS,HIGH,"Student Premium/Hulu eligibility or account-linking issue."
336,18631,1526247,"@SpotifyCares Ask and you shall receive. Thank you Spotify, I knew you cared 😎",GENERAL_OTHER,HIGH,"Positive feedback/closing message."
337,26750,1974153,"Needing to delete my account and create a new one just so I can change my address details is insane and stupid @115888.",ACCOUNT_LOGIN_SECURITY,MEDIUM,"Account/profile information cannot be changed normally; closest category is account-related."
338,22476,1809359,"@SpotifyCares Oh, I see what it's doing. Getting duplicates because I have a file downloaded. Still, never seen this before &amp; I don't want instant search.",APP_TECHNICAL_ISSUE,MEDIUM,"Unexpected search/duplicate behavior caused by downloaded/local file interaction."
339,15330,1232900,"Hello @115888 : any available jobs for a digital marketing and communication student?😜 https://t.co/bZ2M97IERG",GENERAL_OTHER,HIGH,"Job inquiry unrelated to Spotify support categories."
340,5165,466114,"@SpotifyCares when im listening to music it states that i can click the thing to get 30 minutes of ad free listening but when i go to click the part that has been there in the past, its not there so i cant do anything. it has done this about three times since i started listening today",ADS_FREE_TIER,HIGH,"Ad-free reward/offer is missing or unavailable."
341,30441,2175375,"@115888 @SpotifyCares THANK YOU THANK YOU THANK YOU for finally releasing an Xbox One app 👌🏻👌🏻👌🏻",GENERAL_OTHER,HIGH,"Positive feedback about a released app."
342,30091,2145963,"I miss Julion Alvarez @117168 bring his music back 😭😭",MUSIC_CONTENT_AVAILABILITY,HIGH,"Requests return of removed artist music."
343,19543,1615634,"@SpotifyCares is something broke? Music continously pausing, like every 20 seconds. Android oreo, xz premium",PLAYBACK_ISSUE,HIGH,"Music repeatedly pauses during playback."
344,2440,211360,"@SpotifyCares sick and tired of these standard responses. This has been the hottest topic for a month now, and you still have not responded with substance",GENERAL_OTHER,MEDIUM,"Complaint about support responses; underlying issue is not stated."
345,39082,2746349,"@SpotifyCares logged out of both devices, restarted the apps, logged back in, still out of sync (see pics) https://t.co/QtCxpjg8BR",APP_TECHNICAL_ISSUE,HIGH,"Devices remain out of sync after troubleshooting."
346,20348,1691150,"@SpotifyCares Im paying for an account i cant get into at all ! Please help.",ACCOUNT_LOGIN_SECURITY,HIGH,"Cannot access a paid account."
347,27697,2026579,"I have Spotify premium and my music won't play, even on wifi. Cool thanks for wasting my money. @115888",PLAYBACK_ISSUE,HIGH,"Premium user's music cannot play."
348,20990,1739276,"Hi @SpotifyCares! I need a little help 😊",GENERAL_OTHER,LOW,"No specific issue is stated."
349,40616,2844584,"@SpotifyCares I'm on my cellphone..but it works fine on my laptop.",GENERAL_OTHER,LOW,"Context/comparison only; underlying problem is missing."
350,8468,700456,"@117153 i paid my last debt ; but still my account is paused :// need some help",PAYMENT_BILLING,HIGH,"Payment was made but account remains paused, indicating a billing/payment status issue."
351,5089,461479,"@115888 I need help with my account",GENERAL_OTHER,LOW,"Account issue is unspecified."
352,1700,155387,"@118266 apakah 1 cc bisa digunakan lebih dari satu akun spotify?",PAYMENT_BILLING,HIGH,"Asks whether one credit card can be used for multiple accounts."
353,12407,1012750,"@SpotifyCares I can't copy my follow widget code I want to post my messages with the follow button in the spotify community can you help?",APP_TECHNICAL_ISSUE,MEDIUM,"Follow-widget code cannot be copied; functionality is not working."
354,15771,1263265,"@115888 I would gladly pay $12.99 for more downloads",FEATURE_REQUEST,HIGH,"Requests a higher download allowance."
355,8329,691342,"@115888 why the frik is this not available in Ukraine yet? what's the hold up??",MUSIC_CONTENT_AVAILABILITY,HIGH,"Service/content is unavailable in a particular country."
356,5082,461469,"@115888 your thing is broken and every time i log in correctly it takes me back to the log in page. this is despicable. please help. i am so hungry. my wife is crying. let me in. LET ME IN.",ACCOUNT_LOGIN_SECURITY,HIGH,"Successful credentials lead back to login; authentication/access issue."
357,5008,454691,"@115888 is wrong Haywire was released in 2009 https://t.co/Isb7yix2Ii",GENERAL_OTHER,LOW,"Incorrect/missing context; does not clearly map to a support category."
358,11965,968290,"@115888 STOP DELETING ALL MY SONGS. THIS IS THE 4TH TIME THIS MONTH. WHAT THE FUCK DO I PAY FOR?",PLAYLIST_LIBRARY,HIGH,"Saved music/library content is repeatedly being deleted."
359,23125,1834457,"@spotifycares and yes I have actively been using the 'dont play any songs from this artist' option",FEATURE_REQUEST,MEDIUM,"Context suggests a recommendation/artist-blocking feature issue."
360,25808,1935557,"@SpotifyCares Forgot which E-Mail I used and forgot my passwort. Only know my User-Name and don't know how to get my E-Mail now.",ACCOUNT_LOGIN_SECURITY,HIGH,"Forgotten email/password prevents account access."
361,25808,1935557,"@SpotifyCares Hi guys. Lost all my album downloads again. Must be 4th time. I'm on the verge of cancelling premium unless this is sorted",DOWNLOAD_OFFLINE,HIGH,"Downloaded albums are repeatedly disappearing."
362,20338,1691132,"@SpotifyCares the problem appears to have been resolved, but thanks! I️t all worky now haha",GENERAL_OTHER,HIGH,"Issue resolved/closing message."
363,1796,165029,"@115888 Do you have every kind of music in your app?",MUSIC_CONTENT_AVAILABILITY,HIGH,"General question about music catalog availability."
364,41301,2890073,"I created a Spotify account and have started paying for the premium package. However, I have forgotten my username and password and are unable to log in. I was wondering how I can cancel my payments? I can provide my bank details to possibly link it to my account @116380",ACCOUNT_LOGIN_SECURITY,HIGH,"Primary problem is inability to access the account; payment cancellation is secondary."
365,3026,274287,"WTF @115888?! Stop eating my mobile data, please. There's a reason I have premium to download songs... https://t.co/60L7xHRRiF",DOWNLOAD_OFFLINE,HIGH,"Concern is about downloading/offline behavior consuming mobile data."
366,4967,450893,"@SpotifyCares Add “Pirates” to the This is: @221912 playlist RIGHT NOW!!!!",FEATURE_REQUEST,HIGH,"Requests a specific song be added to a curated playlist."
367,12307,1000020,"Hi how can I keep Christmas music off my discover weekly/release radar or block it completely @SpotifyCares",FEATURE_REQUEST,HIGH,"Requests control over recommendation content."
368,7810,656495,"@115888 ever since the iPhone X came out and the updates too my Spotify randomly pauses or just skips. I went to Apple it’s not my phone so my only thought is the app... please let me know why this is doing it and how to fix it. It’s Annoying af🙃",PLAYBACK_ISSUE,HIGH,"Music randomly pauses/skips during playback."
369,11872,963343,"@SpotifyCares I just tried to sign up for the student discount and you took money off my card and my status hasn't changed",FAMILY_STUDENT_PLANS,HIGH,"Student discount enrollment/status problem."
370,33049,2309008,"Absolutely loved @115888 until I realized there is no explicit filter. What’s the point of a family plan if there are no family settings. You lost a subscription - shouldn’t that be enough for a PM to make a business case to build this feature?",FEATURE_REQUEST,HIGH,"Explicitly requests an explicit-content filter feature."
371,26056,1944711,"@SpotifyCares I phone 7 plus https://t.co/OVdg8fyA1A",GENERAL_OTHER,LOW,"Device information with no stated issue."
372,12661,1030653,"Thank you @125633 for the new app! Game changer",GENERAL_OTHER,HIGH,"Positive feedback."
373,15691,1257208,"Loving the algorithm which was used to create my #Spotifytimecapsule playlist @SpotifyCares",GENERAL_OTHER,HIGH,"Positive feedback about recommendations."
374,41864,2915203,"I really wish you could click on record labels in @115888 and see their entire catalog. cc: @SpotifyCares @117168",FEATURE_REQUEST,HIGH,"Requests record-label catalog browsing."
375,13618,1100136,"@SpotifyCares windows 10 on PC. im just on the website; dont have the app itself for desktop.",GENERAL_OTHER,LOW,"Platform clarification without a specific issue."
376,33024,2308411,"@115888 someone hacked my account and changed it to premium family so I have been overused (they never managed to link an extra account so never used family features) - could I please be refunded the difference? (I was already premium)",ACCOUNT_LOGIN_SECURITY,HIGH,"Account was hacked; subscription change and refund are consequences."
377,26179,1951141,"@115888 please add Every Little Thing to the Hot Country playlist. Not having @35423's song on there really upsets me",FEATURE_REQUEST,HIGH,"Requests adding a song to a curated playlist."
378,29026,189857,"@115888 I’m a student but I don’t have a student email.....how do you get around that",FAMILY_STUDENT_PLANS,HIGH,"Student-plan eligibility/verification question."
379,32213,2280200,"@115888 I have a customer support request",GENERAL_OTHER,LOW,"No specific issue is provided."
380,40589,2841195,"@SpotifyCares I have a family plan but when another registered user wants to listen my account pauses and said someone is using my account somewhere else. I also would love to change my account username to something other than a bunch of numbers",FAMILY_STUDENT_PLANS,HIGH,"Family-plan usage/account association problem is the main issue."
381,16850,1356636,"Why is this even a constraint, @115888 ? And why is it incredibly small? https://t.co/PtfzYmQv9t",GENERAL_OTHER,LOW,"Constraint is unclear from the provided text/link."
382,39956,2794511,"@SpotifyCares Hey, I can't upgrade to premium. ""503 Service Unavailable. No server is available to handle this request."" Android app and web app.",PREMIUM_SUBSCRIPTION,HIGH,"Unable to upgrade to Premium; server error occurs during subscription upgrade."
383,36144,2535449,"Waoh, @115888 just collapsed before my eyes (and ears) ;P #Spotify #develop #developer https://t.co/qTHfcjGdgP",APP_TECHNICAL_ISSUE,MEDIUM,"Indicates Spotify/service crashed or went down."
384,11916,965409,"@SpotifyCares Even tried reinstalling two or three times",GENERAL_OTHER,LOW,"Troubleshooting step without the underlying issue."
385,41846,2915188,"@SpotifyCares on nov 17 they posted on Facebook regarding the release date. We only had to wait one evening for the release now they are delaying and giving the real date",MUSIC_CONTENT_AVAILABILITY,MEDIUM,"Likely refers to delayed release availability; context is incomplete."
386,13908,1120153,"Spotify Premium’s ad-free and offline. So the music never stops. Try it free. https://t.co/MEVpIRTz17",GENERAL_OTHER,HIGH,"Promotional/marketing message, not a support issue."
387,25878,1938400,"@SpotifyCares so I recently just joined my sisters Spotify family so what do I need to do about my old subscription under my name only?",FAMILY_STUDENT_PLANS,HIGH,"Question about transitioning into a Family plan."
388,2990,272513,"@117168 @115890 I can't login to my Spotify acct thru the Groove app to move my music over. Checked the credentials on my phone too",ACCOUNT_LOGIN_SECURITY,HIGH,"Unable to log in through an integrated app."
389,1645,141169,"@147834 @SpotifyCares For that matter, in India too..",GENERAL_OTHER,LOW,"Too little context to identify the underlying issue."
390,37193,2600971,"@SpotifyCares hi! I'm trying to change my premium subscription to student as I've just become one but this comes up every time I enter my details no matter how long I've had the page open :/ https://t.co/EdxzlhSQlX",FAMILY_STUDENT_PLANS,HIGH,"Changing to a Student plan is failing."
391,5592,500941,"Guessing I will have to join the list cancelling @116130 @SpotifyCares as no support for music streaming on Apple Watch series 3 Any reason no support is forthcoming?",FEATURE_REQUEST,HIGH,"Requests Apple Watch support."
392,14705,1190966,"@50400 Just got told by @125633 via email that you guys can only change the playlists yourselves! So Pretty pleeeease doooo :)",PLAYLIST_LIBRARY,HIGH,"Requests help/change to playlists."
393,3354,306686,"@SpotifyCares I've been having trouble streaming podcasts on Spotify to @137949 spkrs for couple weeks. Are you aware of any issues?",PLAYBACK_ISSUE,HIGH,"Podcast audio streaming to speakers is failing."
394,38764,2720889,"@SpotifyCares , I've just signed-up on your 9 pesos-for-3-months promo, but I have been charged for 129 pesos. I would like you to give me back my money. Otherwise, I'd like to cancel my subscription. Charging me for 129 is very disappointing. that's not your promo says.",PAYMENT_BILLING,HIGH,"Incorrect amount was charged."
395,13384,1085889,"hey @115888 you don't have Owl City's Maybe I'm Dreaming so what the heck gives huh?",MUSIC_CONTENT_AVAILABILITY,HIGH,"Specific album is unavailable."
396,36205,2541142,"why can't siri control songs on @115888 ? 😩😰",FEATURE_REQUEST,HIGH,"Requests Siri control/integration."
397,18054,1481964,"@115888 why did you take Like that by @46419 off? I know it was in there!!!😭💔😫",MUSIC_CONTENT_AVAILABILITY,HIGH,"Previously available song was removed."
398,42915,2964669,"@SpotifyCares Sounds good thanks! The rest of his music seems to be available. It will do for now!",GENERAL_OTHER,HIGH,"Follow-up/closing message."
399,37871,2639830,"@SpotifyCares Just did that didn’t fix it 😕",GENERAL_OTHER,LOW,"Underlying issue is missing."
400,8616,710191,"@115888 the web player is not working for me wtf is going on?",APP_TECHNICAL_ISSUE,HIGH,"Web player malfunction."
401,4032,369360,"@115888 I have questions about your Time Capsule... https://t.co/aM9YcxrWVl",GENERAL_OTHER,MEDIUM,"Question about a feature, but exact issue/request is unclear."
402,3210,290217,"@115888 why have u been broken lately",APP_TECHNICAL_ISSUE,MEDIUM,"General complaint that Spotify is malfunctioning."
403,13775,1110206,"@115888 how dare you erase Julion Alvarez?!",MUSIC_CONTENT_AVAILABILITY,HIGH,"Artist music has been removed."
404,7093,611860,"@SpotifyCares I tried to get the premium student discount before realizing I'm not eligible, the payment went through &amp; I dont have premium",PAYMENT_BILLING,HIGH,"Payment went through but Premium was not received."
405,6304,560958,"I truly think that your playlist ""Rock This"" is missing Kiwi by Harry Styles. would fit so well there. fix this, please))) would be awesome! @115888 @SpotifyCares",FEATURE_REQUEST,HIGH,"Requests adding a song to a curated playlist."
406,16607,1336512,"@SpotifyCares It was a song that featured Pretty lights, tipper, or Anderson pak",GENERAL_OTHER,LOW,"Insufficient context to determine the issue."
407,38159,2665927,"Wish there was a way to like a song in my Discover Weekly and not have it automatically saved to my music @115888",FEATURE_REQUEST,HIGH,"Requests different behavior for liking/saving Discover Weekly tracks."
408,29546,2110199,"that awkward moment when @115888 labels a version of a song as being by completely the wrong artist.",GENERAL_OTHER,MEDIUM,"Metadata/artist attribution issue does not fit cleanly into the current taxonomy."
409,23268,1759261,"@115888 @SpotifyCares Why didn't I get a @34804 Pre-Sale code? I listen to them all the time 😩",GENERAL_OTHER,MEDIUM,"Presale-code issue is outside the defined categories."
410,17458,1423582,"@SpotifyCares um ive been using student discount for premium for ages but it suddenly charged me full price for last month??????",FAMILY_STUDENT_PLANS,HIGH,"Student discount was not applied."
411,8830,726229,"@SpotifyCares Hi, I have a problem with my premium subscription for family. Could you please help me?",FAMILY_STUDENT_PLANS,HIGH,"Explicit Family Premium issue."
412,3856,348578,"Idk how I couldn't find this on my own but yaaaaas thanks for caring spotify cause this is my fave song https://t.co/UthijVjdn5",GENERAL_OTHER,HIGH,"Positive/thankful message."
413,37588,2621374,"@SpotifyCares My account got hacked. Could you reinstate it please?",ACCOUNT_LOGIN_SECURITY,HIGH,"Explicit hacked-account problem."
414,24291,115255,"@117153 @SpotifyCares Hello, i signed up to an existing Family plan, but my account dont upgrade...",FAMILY_STUDENT_PLANS,HIGH,"Family-plan upgrade problem."
415,9500,786847,"Any ideas why all my @115888 downloads have cleared themselves?",DOWNLOAD_OFFLINE,HIGH,"Downloaded music disappeared."
416,28470,2052945,"@115888 please put Julion Alvarez's music back on spotify :( and while you're at it, pls add Espinoza Paz's music too lol",MUSIC_CONTENT_AVAILABILITY,HIGH,"Requests previously removed and additional artist music to be available."
417,30854,2199345,"@115888 why is the playlist scroll sidebar on the right (like on Android) missing on iOS? Scrolling down takes ages with my iPhone...",APP_TECHNICAL_ISSUE,HIGH,"Mobile app UI/navigation issue."
418,30559,2182198,"@115888 really.. if you are going to force me to listen to adds at least wait longer than 1 song and at least make sure the two adds u force on me are different. Sick of hearing the exact same add twice in a row.",ADS_FREE_TIER,HIGH,"Complaint about frequency/repetition of ads."
419,6984,605291,"@SpotifyCares @116130 wow wtf where’s my account gone, paying money to listen to an ad 😪",PREMIUM_SUBSCRIPTION,MEDIUM,"Suggests paid account/Premium status may be missing and user is receiving ads."
420,23322,2878,"Unli skips. Unli fun. 3 months of Premium for ₱9. https://t.co/8ZRlqNPqtf",GENERAL_OTHER,HIGH,"Promotional/marketing message."
421,32379,2287193,"I think peaking should be a free feature since you have limited skips, @115888 That way you know whether or not it's worth using that skip.",FEATURE_REQUEST,HIGH,"Requests making a feature available under the free tier."
422,35309,2476348,"Hello @116130 can we have more of lovely @707877 on Spotify please? I can only find 3 songs. Ta v much. @SpotifyCares 👍",MUSIC_CONTENT_AVAILABILITY,HIGH,"Requests more songs from a specific artist."
423,20446,1695256,"I just got 30 minutes of ad free music on @115888 and i listened to 1 song, changed the playlist, AND GOT AN AD. This is the reason i have trust issues",ADS_FREE_TIER,HIGH,"Ad-free reward did not work as expected."
424,24884,1096231,"@115888 all i see is the yearly option for a personal account",PREMIUM_SUBSCRIPTION,MEDIUM,"Subscription-plan option/availability issue."
425,11261,907650,"@SpotifyCares hiya, i need to get into a artist account - Hello Skinny - but we have lost all membership details - how can I log in? thanks!",ACCOUNT_LOGIN_SECURITY,HIGH,"Cannot access an artist account."
426,24541,1882482,"@SpotifyCares my acc is following the same person and his playlist over and over again. whats the problem ?",APP_TECHNICAL_ISSUE,MEDIUM,"Unexpected account-following behavior; closest category is technical account/app issue."
427,13010,1057628,"@115888 When Russia will be the Spotify, you need to open access for Russian users?",MUSIC_CONTENT_AVAILABILITY,HIGH,"Requests service availability in a country."
428,6046,541658,"@SpotifyCares I can't use your contact form to delete/recreate my account because it requires logging into Facebook, which is why I need to delete/recreate my account to begin with. How can I do this without interacting with Facebook in any way?",ACCOUNT_LOGIN_SECURITY,HIGH,"Account management is blocked by Facebook login requirement."
429,16287,1296773,"Hey @115888/@13281 why has offline scrobbling not been implemented yet? /cc @SpotifyCares",FEATURE_REQUEST,HIGH,"Requests offline scrobbling functionality."
430,16417,1307344,"@SpotifyCares i try and watch the 30 minutes ad free video and end up getting 3 ads after watching the video &amp; not getting my 30 minutes😐",ADS_FREE_TIER,HIGH,"Ad-free reward failed and ads continued."
431,16212,1289919,"@SpotifyCares is anybody going to support? I am still waiting as a paying premium customer and cannot log in on any device. Disgraceful",ACCOUNT_LOGIN_SECURITY,HIGH,"Cannot log in on any device; account access is primary."
432,12515,1021778,"Hey, Spotify, are you high? Help me here @SpotifyCares https://t.co/6coRrElrgw",GENERAL_OTHER,LOW,"Insufficient context; issue is only in an external image/link."
433,28176,2042281,"I fucking LOVED 503 Service Unavailable error as a teenager! Well done @116130! https://t.co/GJNeTZ6ZLZ",APP_TECHNICAL_ISSUE,HIGH,"503 Service Unavailable indicates a technical/service outage."
434,6291,560932,"@115888 @SpotifyCares when does Spotify release everyone's ""most played this year"" playlist?",FEATURE_REQUEST,HIGH,"Question/request about the annual Most Played/Year in Review feature."
435,1795,2878,"Unli skips. Unli fun. 3 months of Premium for ₱9. https://t.co/8ZRlqNPqtf",GENERAL_OTHER,HIGH,"Promotional/marketing message."
436,4433,400271,"@SpotifyCares Just get email verification",GENERAL_OTHER,MEDIUM,"Likely requesting email verification, but context is incomplete."
437,4771,431437,"@116130 Please could you let me have a contact number. I have an urgent issue but can't speak to anyone!!",GENERAL_OTHER,HIGH,"Contact/support request without a specific issue."
438,33126,2311108,"@SpotifyCares why is hulu saying they can’t authorize my account 😤",FAMILY_STUDENT_PLANS,HIGH,"Hulu authorization problem linked to Spotify bundle."
439,18486,1517566,"@SpotifyCares Answer my DM! Urgent, thanks.",GENERAL_OTHER,LOW,"Support follow-up with no specific issue."
440,37260,2605017,"omg imsleep goodnight im ab to pass out i love red velvet monsta x and seventeen they did so good today stfu ill be back at 6",GENERAL_OTHER,HIGH,"Casual/non-support content."
441,27031,1988904,"@SpotifyCares one of my albums I'd accidentally listed under ""singles"" on my artist page. How can I fix that?",GENERAL_OTHER,MEDIUM,"Artist metadata/catalog classification issue; no dedicated taxonomy category."
442,636,62431,"@SpotifyCares sent a DM! Was wondering if I could get some help :)",GENERAL_OTHER,LOW,"Support request without a specific issue."
443,28438,2052057,"@SpotifyCares ...I'm using a 13-inch MacBook Pro, running macOS Sierra 10.12.6. Thanks! -- Lucas",GENERAL_OTHER,LOW,"Device/version information only."
444,10250,847128,"@SpotifyCares That's gonna be 1.0.65.320.gac7a8e02",GENERAL_OTHER,LOW,"Version information only."
445,11152,902402,"@SpotifyCares hey we connected songkick to our page but it's not showing up.",APP_TECHNICAL_ISSUE,HIGH,"Third-party integration/content connection is not appearing."
446,11166,902977,"@SpotifyCares Most of the music plays, it is just the ones I really want to listen that don't play",PLAYBACK_ISSUE,HIGH,"Selected music does not play."
447,25706,1933187,"Spent 10 minutes in figuring out to subscribe to @115888 premium from iPhone app and failed! 🙄😠.",PREMIUM_SUBSCRIPTION,HIGH,"Unable to complete Premium subscription."
448,11803,960784,"@SpotifyCares hi why are all my offline devices the same devices? But my DL'ed was just deleted saying max of 3 devices can only download.",DOWNLOAD_OFFLINE,HIGH,"Offline-device/download limit problem."
449,6521,568947,"Hey @115888 you wanna tell me why I'm still getting those stupid suggested tracks on my app when I have the setting for it turned off? I wanna listen to my music and no one else's.",FEATURE_REQUEST,HIGH,"Recommendation controls are not behaving as desired."
450,13446,1092736,"@115888 Can we please organize new releases based on things I listen to/like? No one wants to scroll thru pgs of pop to find what they like",FEATURE_REQUEST,HIGH,"Requests personalized organization/filtering of new releases."
451,8894,729281,"@SpotifyCares Its fixed thank you i think i just pit wrong login there",GENERAL_OTHER,HIGH,"Issue resolved; closing message."
452,3898,352220,"@SpotifyCares no way to order by date added in playlists on the mobile app? I have some v long playlists, pain to scroll",FEATURE_REQUEST,HIGH,"Requests sorting playlists by date added."
453,7424,634020,"@SpotifyCares Its the only version on spotify. The first 3 minutes is the song in the title. After that a very long pause and more songs.",PLAYBACK_ISSUE,HIGH,"Audio/content playback behaves incorrectly."
454,27066,1990045,"Alors @115888 @127637 c'est 0, ils m'ont retirer de l'argent pour que finalement je n'aie pas premium",PAYMENT_BILLING,HIGH,"Money was charged but Premium was not received."
455,21358,1132220,"I love spending cash on premium @115888 account for songs that can’t play. And the app doesn’t even notify you why 🙄",PLAYBACK_ISSUE,HIGH,"User has paid Premium but songs cannot play."
456,11506,927663,"@115888 whats up with the iOS app deleting my saved music every 2-3 weeks? I love paying to re download music all the time https://t.co/Rx35ZoJF2L",DOWNLOAD_OFFLINE,HIGH,"Downloaded/saved music repeatedly gets deleted in the mobile app."
457,29667,2118710,"Yo @115888 Whaaat is this?! https://t.co/SJlx8kRns7",GENERAL_OTHER,LOW,"Insufficient context."
458,32554,2291115,"@661811 @SpotifyCares Maybe if they had done anything to fix the problem I've been reporting for a year and a half.",GENERAL_OTHER,LOW,"Underlying problem is not stated."
459,19081,1567713,"@SpotifyCares Hi! I have another issue I just DMed",GENERAL_OTHER,LOW,"Issue is in an unavailable DM/context."
460,30981,2203832,"@115888 Yo, for Brittany Murphy's 40th birthday, how about you actually upload the original version of Faster Kill Pussycat for everyone to stream?",MUSIC_CONTENT_AVAILABILITY,HIGH,"Requests a specific version of a song to be available."
461,21790,1786256,"@SpotifyCares Hello, I believe a fraudulent charge was made on my Spotify acct. Please let me know who I can talk to at Spotify about this",PAYMENT_BILLING,HIGH,"Fraudulent/unauthorized charge."
462,3470,314313,"Hey @115888 ! Any idea why my music stopped in the middle of my run? #notcool",PLAYBACK_ISSUE,HIGH,"Music stopped during playback."
463,18867,1546472,"@SpotifyCares when will the app be updated to fit the iPhone X screen? It currently looks really bad.",APP_TECHNICAL_ISSUE,HIGH,"iPhone X app layout/optimization problem."
464,31258,2218903,"So is reputation gonna be on @115888 soon?",MUSIC_CONTENT_AVAILABILITY,HIGH,"Question about album availability."
465,26182,1951379,"@115888 video ads with sound playing frequently over the top of current tracks is poor form. Happening every couple of minutes...",ADS_FREE_TIER,HIGH,"Advertisements are interrupting music frequently."
466,33282,2317193,"@117168 yo what's that song that y'all removed from rap caviar? It started with spongebob issuing some sass",MUSIC_CONTENT_AVAILABILITY,HIGH,"Specific song was removed from a curated playlist."
467,8848,727159,"@SpotifyCares just upgraded to an IPhone 7. I can no longer play from phone. Songs are greyed out and won’t play? Can still play from laptop",PLAYBACK_ISSUE,HIGH,"Songs on the phone are unavailable for playback while laptop works."
468,32242,2283045,"@SpotifyCares any help on why my payment won't go through?",PAYMENT_BILLING,HIGH,"Payment is failing."
469,1835,166661,"@115888 so like, some of my favorite albums keep disappearing from Spotify. What's going on with your licenses??",MUSIC_CONTENT_AVAILABILITY,HIGH,"Albums disappear due to licensing/availability."
470,34813,2436144,"@SpotifyCares There’s nothing to opt out from? https://t.co/SLE3pCxZhC",GENERAL_OTHER,LOW,"Exact subject is unclear from the provided text."
471,27371,2005579,"I just realised I am being charged for a Spotify account I do not have, please help @SpotifyCares",PAYMENT_BILLING,HIGH,"Charged for an account the user does not recognize."
472,5444,490785,"Tried getting the podcast on @115888 ... didn’t know y’all just wanted big time people and non of the smaller people?",MUSIC_CONTENT_AVAILABILITY,MEDIUM,"Likely complaint about podcast availability/content selection."
473,33400,2320574,"Hi, i'm unable to re purchase the premium acc. I've tried to transferred the money 5. Can you help me? the link you gave me didn't work https://t.co/vuz6GfwYh8",PAYMENT_BILLING,HIGH,"Payment/repurchase transaction is failing."
474,36984,2588889,"@SpotifyCares my premium account isn’t working I paid for it and it says I’m still on the free subscription, help!!!",PREMIUM_SUBSCRIPTION,HIGH,"Paid Premium status is not activated."
475,37984,2646408,"@SpotifyCares The latest version of everything. Your forums are full of people with the same problem and have been for months and months and months. Sometimes doesn't play at all, other times broken audio or double speed audio. Apple music works perfectly. Go figure",PLAYBACK_ISSUE,HIGH,"Severe playback/audio malfunction."
476,27443,2009580,"@115888 any word on an iPhone X update?",APP_TECHNICAL_ISSUE,HIGH,"Question about iPhone X app optimization/update."
477,36085,1903733,"@115888 did the whole application process but havent heard back. tryna change from premium to student",FAMILY_STUDENT_PLANS,HIGH,"Student-plan application/transition issue."
478,32131,2275478,"@115888 rap caviar is trash",GENERAL_OTHER,MEDIUM,"Negative opinion without a specific actionable issue."
479,5420,488803,"@SpotifyCares I just found out there is a video function in spotify, but i cant seem to play any videos. I am in Norway, i have premium and my spotify desktop version is 1.0.68.407.g6864aaaf. Thanks in advance.",PLAYBACK_ISSUE,HIGH,"Spotify videos cannot be played."
480,42893,2963365,"Hey, @115888. Why is the original movie of Annie not available for a listen?",MUSIC_CONTENT_AVAILABILITY,HIGH,"Specific audio/content is unavailable."
481,26734,1973458,"@SpotifyCares Im getting an error if I invite someone to my family. In addition, the invite is send in some else’s name. How can that be?",FAMILY_STUDENT_PLANS,HIGH,"Family invitation has an error and incorrect recipient information."
482,17661,1445711,"@115888 @SpotifyCares zegt hij dat ik geen premium meer ben!!?? https://t.co/k22yg8T0Ly",PREMIUM_SUBSCRIPTION,HIGH,"User appears to have lost Premium status."
483,36546,2558859,"@115888 who told you it was a good idea to take down Take Care album, I need answers",MUSIC_CONTENT_AVAILABILITY,HIGH,"Album was removed."
484,4646,419688,"@SpotifyCares ...media. Had been happening with my previous Xperia Z2 as well. What's the fix plz?",APP_TECHNICAL_ISSUE,MEDIUM,"Technical issue is apparent but exact symptom is unclear."
485,10061,833834,"@115888 is trying to tell me that im not in college",FAMILY_STUDENT_PLANS,HIGH,"Student eligibility/verification issue."
486,39757,2785009,".@115888 Please if there is a way to ban all autotune vocal music, tell me. There is so much ""bad"" music ..to my taste. Please make it stop. #autotune https://t.co/bKjJCenfH4",FEATURE_REQUEST,HIGH,"Requests filtering/blocking based on music characteristics."
487,12308,1000171,"I’m tired of songs disappearing from @115888 without warning. At least Netflix alerts you before something is removed.",MUSIC_CONTENT_AVAILABILITY,HIGH,"Songs are being removed/unavailable."
488,16418,1307346,".@115888 hey :) hurry :) up :) with :) Beach House 3 :)",MUSIC_CONTENT_AVAILABILITY,MEDIUM,"Likely request for a missing/upcoming album; context is limited."
489,15919,1269778,"@SpotifyCares Someone changed my registration email address and I cannot longer access my premium account which I am paying for!",ACCOUNT_LOGIN_SECURITY,HIGH,"Unauthorized email change caused loss of account access."
490,360,44304,"Ah, wonderful. A random person is listening to my @115888 Premium account in France. No idea how I've been hacked, but suppose it can happen on any service.",ACCOUNT_LOGIN_SECURITY,HIGH,"Unauthorized person using account indicates compromise."
491,26718,1973057,"@SpotifyCares I've been using Premium over a year. You need more data of mine? As a software engineer, dealing with Machine Learning, better to keep some categories such as anthems, team songs keeping them away in the list of discovery section. I don't think everybody will be as nice as now.",FEATURE_REQUEST,HIGH,"Requests better filtering/control of Discover recommendations."
492,38809,2725146,"@SpotifyCares No, I'm talking about the beta board themself, as referenced in this post: https://t.co/5xJzotKGYp ""If you're accepted you'll be given access to a new board in our Beta Boards sections of the Community."" TestFlight doesn't have a report back, nor patch notes.",GENERAL_OTHER,MEDIUM,"Beta-program feedback that does not fit a defined support category."
493,1050,106308,"WHY DOES THE @115888 WEB BROWSER NEVER WORK!!!???? First, my desktop version stopped working, now my browser version won't work. I JUST WANNA LISTEN TO MY THROWBACK THURSDAY PLAYLIST 😭😭😭😭",APP_TECHNICAL_ISSUE,HIGH,"Web player/desktop application malfunction."
494,2983,272248,"@117168 So tell the Groove music converters why they can't use their local files ? I used playlists won't sync!",PLAYLIST_LIBRARY,HIGH,"Playlist/local-file synchronization problem."
495,15069,1217784,"@SpotifyCares I can report ‘abuse’ but not ‘data on this page is incorrect’.",GENERAL_OTHER,MEDIUM,"Website reporting-function complaint does not fit another category."
496,42599,2942721,"@SpotifyCares No, I was saying that I noticed that it's now a feature when I play my Discover list and just wanted to let you know I appreciate it!",GENERAL_OTHER,HIGH,"Positive feedback about a feature."
497,14557,1175708,"@SpotifyCares I ended up having to uninstall and reinstall the app to work. There is at least one review on the Google Play store noting the same issue",APP_TECHNICAL_ISSUE,HIGH,"App malfunction resolved by reinstalling."
498,19179,1580637,"@115888 iPhone x update please 😍",APP_TECHNICAL_ISSUE,HIGH,"Requests iPhone X app update/optimization."
499,23221,1837764,"Why can’t I listen to @78997 on @115888 @SpotifyCares. When I click on anything from panic nothing happens. Help!!!",MUSIC_CONTENT_AVAILABILITY,HIGH,"Artist's content cannot be accessed/played; likely availability issue."
500,16803,1353059,"@SpotifyCares Having problems with offline mode on my Honor 7. When I use my SD card for storage after every restart all downloads are gone!",DOWNLOAD_OFFLINE,HIGH,"Offline downloads disappear after restart when using SD storage."
501,5081,461455,"When @115888 uploads your new song to the wrong account AGAIN 🙃☹️,,, @SpotifyCares and @137960 plzplzplz stop this from happening to ussssss we love uuuuu plz love us backkkkk ❤️ https://t.co/iXtkECQZFy",GENERAL_OTHER,MEDIUM,"Artist/account content is being uploaded to the wrong account; this does not fit cleanly into the 12 categories."
502,22999,1829696,"@SpotifyCares i am on a family plan and it stopped because it couldnt verify my address, i have changed my address on profile johngfrazer",FAMILY_STUDENT_PLANS,HIGH,"Family-plan verification/address eligibility problem."
503,14851,1201596,"@SpotifyCares They just stop playing and I can't play them anymore, and it's not a connection issue because other albums or radio or playlists work fine",PLAYBACK_ISSUE,HIGH,"Music stops playing while other content works."
504,35597,2492552,"@115888 I reached my limit of liking albums why is there such a thing :-(",FEATURE_REQUEST,HIGH,"Complains about a limit and implicitly requests removal/increase of the limit."
505,17646,1444696,"@SpotifyCares If you read all those posts I linked, you'll have plenty of examples. Personally, Chrome, Win10.",GENERAL_OTHER,LOW,"Context refers to other posts; specific issue is not stated here."
506,30023,2141717,"@SpotifyCares is so helpful and I'm so impressed that there's such a great troubleshooting resource on a social media platform. Probably the best customer care I've ever gotten.",GENERAL_OTHER,HIGH,"Positive feedback."
507,8385,696739,"@SpotifyCares I'm on a Dell Inspiron running Windows 10 Home Single Language",GENERAL_OTHER,LOW,"Device information only; no issue stated."
508,13308,1078168,"@SpotifyCares Twice this week on OSX10.13 Can't play certain artists (e.g. Beck/Eminem) Get “Song not avail..” Plays on mobile? Thoughts?",MUSIC_CONTENT_AVAILABILITY,HIGH,"Specific artists are unavailable on one platform while available elsewhere."
509,34690,2427687,"@115888 We are a record label and want to have all of our released songs on our page. How can we make this happen?",GENERAL_OTHER,MEDIUM,"Artist/record-label catalog management question; no matching dedicated taxonomy category."
510,37267,2605031,"@115888 sooo where’s perfect velvet",MUSIC_CONTENT_AVAILABILITY,MEDIUM,"Likely asks about missing music/content; exact context is limited."
511,34112,2380909,"So I tried to add @115888 to my @1383 and I don’t see the option can someone explain this too me? I want to add my music on my profile. I don’t see it.",GENERAL_OTHER,MEDIUM,"Artist/profile integration issue is outside the main taxonomy."
512,27664,2025205,"@115888 why did this song disappear? https://t.co/t5ViI5PFnB",MUSIC_CONTENT_AVAILABILITY,HIGH,"Specific song disappeared."
513,1112,110095,"@115888 There is any way to find the songs that I gave a thumb up on the radio? where do they go? I don't have any playlist or removed playlist related to that...",PLAYLIST_LIBRARY,HIGH,"User is trying to locate saved/liked songs."
514,37922,1963119,"@115888 Not sure if it does it for any other artists. Currently not for anything in my library💁‍♀️",GENERAL_OTHER,LOW,"Incomplete context; no specific issue can be identified."
515,10924,885132,"Been on @115888 one week and already so pissed of with it. Well done",GENERAL_OTHER,LOW,"General dissatisfaction with no specific issue."
516,12436,1015897,"Hey @115888 could you please change the picture to Louis Tomlinson and add his new song ‘just like you’ to the playlist? 😊 https://t.co/4cGa8u8MPP",FEATURE_REQUEST,HIGH,"Requests changes/additions to a playlist."
517,13290,1076474,"@SpotifyCares You rock! Thanks so much.",GENERAL_OTHER,HIGH,"Positive feedback."
518,2758,245632,"@SpotifyCares I have emailed a few times, please can someone get back to me about a brand curated playlist",GENERAL_OTHER,MEDIUM,"Support follow-up about a curated playlist; exact issue/request is unclear."
519,38181,2666958,"@115888 If @SpotifyCares @116130 or @102874 could get in touch that would be amazing",GENERAL_OTHER,HIGH,"Requests support contact."
520,41945,2916638,"@115888 can you add Jay-Z please",FEATURE_REQUEST,HIGH,"Requests adding an artist."
521,25843,1936582,"My @115888 account was hacked today. 4+ years of music and playlists gone &amp; replaced by this. 😥💔 I use my lists everyday so this hurts. 😓 https://t.co/hRXsl6VXzW",ACCOUNT_LOGIN_SECURITY,HIGH,"Explicit account compromise; lost content is a consequence."
522,13543,1098076,"Wow security fail @115888. Using the app on windows and instead of my user name it’s displaying my password!!!",ACCOUNT_LOGIN_SECURITY,HIGH,"Sensitive account credential is being displayed; security issue."
523,493,53136,".@116130 whys the discover page changed? Where is my recommended music? I don't want ""Focus with some new music"" - none of it is tailored",FEATURE_REQUEST,HIGH,"Complains about recommendation behavior and wants more tailored discovery."
524,10192,842000,"@SpotifyCares Please bring Spotify to India",MUSIC_CONTENT_AVAILABILITY,HIGH,"Service availability in a country."
525,35057,2456294,"@115888 what’s up with your app for Apple Watch?",FEATURE_REQUEST,HIGH,"Question/complaint about Apple Watch app support."
526,12853,1043324,"@SpotifyCares artist name for this album -- https://t.co/44iARF2Wu7 are U-KNOW. Please fix it, thanks...",GENERAL_OTHER,MEDIUM,"Incorrect artist metadata; no dedicated taxonomy category."
527,30738,2190943,"Wtf why does there have to be a download limit 😡 @115888 https://t.co/DvYusyIkKZ",FEATURE_REQUEST,HIGH,"Requests removal/increase of download limit."
528,13998,1130693,"Please @115888, do a good job analyzing the preferences of your users in order to bring accurated ads and promos. Please. Do that.",ADS_FREE_TIER,HIGH,"Feedback/request about personalized advertising."
529,34661,2426246,"@SpotifyCares When will there be an update for iPhone X? Whenever phone sound is used for another app I have to close and reopen Spotify for it to start playing again.",APP_TECHNICAL_ISSUE,HIGH,"iPhone X/app integration problem requires reopening Spotify."
530,11232,906512,"Hi @115888 When will you launch spotify in apple tv?",FEATURE_REQUEST,HIGH,"Requests Apple TV support."
531,34199,1386934,"@115888 Hi! Is this offer for US students only?",FAMILY_STUDENT_PLANS,HIGH,"Question about student-plan offer eligibility."
532,9344,780949,".@115888 it's 2017, add an easily accessible sleep timer to your damn app already. Sincerely, every user. #SleepSpotifySleep #UpAllNight",FEATURE_REQUEST,HIGH,"Explicit request for a sleep-timer feature."
533,23451,1846864,"@115888 greetings - is there a way to mark podcasts as listened to within the Spotify app?",FEATURE_REQUEST,HIGH,"Requests podcast marking functionality."
534,28369,2047844,"@115888 I am trying to change my subscription from premium to student, my premium ends 10/27, can you please help me out, I have tried your support channels with no avail. Thank you!",FAMILY_STUDENT_PLANS,HIGH,"Changing from Premium to Student plan."
535,26490,1965307,"Pourquoi les pubs Spotify sont en flamands et non en français ? 😩😩 @SpotifyCares https://t.co/1Z3mlNScW2",ADS_FREE_TIER,HIGH,"Complaint about advertising."
536,13906,1120147,"@115888 Hello, i cannot log in to Spotify bc it's set offline. How to connect to online?",ACCOUNT_LOGIN_SECURITY,HIGH,"Unable to log in/connect; account access issue."
537,40711,2851474,"@SpotifyCares every time I try to sync the songs I have on my laptop to Spotify I ALWAYS have a problem when they won’t sync and show up on my iPhone app!",PLAYLIST_LIBRARY,HIGH,"Songs/playlists are not synchronizing across devices."
538,39269,2756246,"@SpotifyCares I am supposed to have a premium subscription for two users through our cell phone provider and it says we don't have premium? help pls",PREMIUM_SUBSCRIPTION,HIGH,"Paid bundled Premium subscription is not recognized."
539,2356,206568,"@SpotifyCares The songs are playing but a noise gets on the way after every second. I'm using a Windows Nextbook.",PLAYBACK_ISSUE,HIGH,"Audio playback is distorted/interrupted."
540,2025,44307,"Zero ads. All music. Get 3 months Premium for ₱9. https://t.co/HpdFtAWo6c",GENERAL_OTHER,HIGH,"Promotional/marketing message."
541,15918,1269773,"@SpotifyCares i love the fact that you guys care about every tweet *applause*",GENERAL_OTHER,HIGH,"Positive feedback."
542,28000,2037286,"@SpotifyCares i can’t login to my hulu account using my hulu+spotify account. My id would be __email__",FAMILY_STUDENT_PLANS,HIGH,"Hulu/Spotify bundled-account login issue."
543,23824,1857177,"i hope @SpotifyCares will take time to create a separate “genre &amp; mood” for j-pop. that would be easier to look for japanese songs. 🙂 https://t.co/8fQo3alHqv",FEATURE_REQUEST,HIGH,"Requests a dedicated genre/category feature."
544,7478,637643,"@SpotifyCares Avrx2000 Denon amp . Using Spotify app on Samsung s 6 .via wireless set up .says connected on the amp but isn't connecting via the phone and app.",APP_TECHNICAL_ISSUE,HIGH,"Spotify/device connection integration is failing."
545,25022,1906064,"@115888 It feels like they lose data every certain period.",GENERAL_OTHER,LOW,"Data-loss complaint is too vague to assign confidently."
546,30094,2145971,"@SpotifyCares so as if it isnt bad enough already that you don't have Stuck by Adelitas Way, you also don't even have the entire Symbol of Life album by Paradise lost... It's missing like 2 songs. Things like this make me hate streaming music",MUSIC_CONTENT_AVAILABILITY,HIGH,"Specific tracks/albums are missing."
547,12209,769717,"@115888 - does my time capsule ever change music? Cool playlist Spotify made me- but does it ever change to other cool old music?",GENERAL_OTHER,HIGH,"General informational question about Time Capsule behavior."
548,12069,975908,"Why the f@ck is @115888 making it so difficult for me to upgrade my account in-app?!?! Take my money, stupid idiots!!! What's the problem?!",PREMIUM_SUBSCRIPTION,HIGH,"Difficulty upgrading the Premium subscription."
549,24651,1887548,"@SpotifyCares locked out of account. Email address is old (college email expired) and I can’t get in touch with support. Help.",ACCOUNT_LOGIN_SECURITY,HIGH,"Cannot access account because old email is unavailable."
550,37593,2621384,"@SpotifyCares I've tried that, I've even tried doing that from the computer.",GENERAL_OTHER,LOW,"Troubleshooting follow-up without enough context."
551,21782,1785813,"@SpotifyCares Why are none of @33680's songs playing on spotify. Only music that features Aldean is playing.",MUSIC_CONTENT_AVAILABILITY,HIGH,"Specific artist's catalog is unavailable while other content works."
552,7671,649910,"@115888 Have signed up to Spotify on Premium for myself and the bride.. I get adverts she doesnt, last payment went out 4th November??..",PREMIUM_SUBSCRIPTION,HIGH,"Paid Premium account has inconsistent ad-free status between users."
553,12567,1025760,"@115888 have charged me £9.99 for October because @260711 ended my student status!!! I've cancelled my Spotify premium because I'm angry",FAMILY_STUDENT_PLANS,HIGH,"Student-status change caused loss of discounted pricing."
554,36871,2580775,"Hey @115888 please make @89341 Chixtape 4 available pretty please. Thank you 👍🏽",MUSIC_CONTENT_AVAILABILITY,HIGH,"Requests specific music content to be available."
555,25264,1914398,"@SpotifyCares I can’t, I lost access to my Facebook for good. Any other way to help me? Can I dissociate the account or transfer it to other mail or something?",ACCOUNT_LOGIN_SECURITY,HIGH,"Cannot access linked Facebook account and wants to detach/migrate account."
556,9308,777635,"Yo @115888 why did you put my song list in alphabetical order!!!!!????? I hate it 😖",PLAYLIST_LIBRARY,HIGH,"Playlist/list ordering changed unexpectedly."
557,30979,2203830,"Dear @SpotifyCares, your Greg Johnson artist page is comingling @644402 with @86674 , think you can give them the individual space they deserve?",GENERAL_OTHER,MEDIUM,"Artist-page metadata/account association problem outside the taxonomy."
558,151,16942,"@SpotifyCares No I can't",GENERAL_OTHER,LOW,"Insufficient context."
559,32752,2296733,"@115888 when will be spotify launched in India",MUSIC_CONTENT_AVAILABILITY,HIGH,"Service availability in India."
560,7061,25407,"@115888 It is still 129 pesos",PAYMENT_BILLING,MEDIUM,"Likely a pricing/charge complaint; context is incomplete."
561,25410,1919710,"Good y'all betta. It was already on there when he dropped and BOOM shit is gone https://t.co/Zqay5W3va4",MUSIC_CONTENT_AVAILABILITY,MEDIUM,"Likely previously available music content was removed; context is limited."
562,33800,2355311,"So... @115888 @SpotifyCares where's the iPhone X optimization update?",APP_TECHNICAL_ISSUE,HIGH,"iPhone X app optimization/update issue."
563,2653,233168,"@115888 @SpotifyCares @171501 Can't create a spotify account because I once had a spotify account via Facebook a long time ago",ACCOUNT_LOGIN_SECURITY,HIGH,"Account creation is blocked by previous Facebook-linked account."
564,6710,574722,"@SpotifyCares ""You are currently set to offline"" while trying to login, traveling internationally have thousand of songs downloaded, this is devestating, please advise if there is a fix ASAP",ACCOUNT_LOGIN_SECURITY,HIGH,"Offline state prevents login/access."
565,34742,2431661,"@SpotifyCares I am trying to enable the student discount on my account. Can you help me out?",FAMILY_STUDENT_PLANS,HIGH,"Student discount enrollment issue."
566,33974,2368026,"@115888 please make the three dots on each songs horizontal on the Android apps please",FEATURE_REQUEST,HIGH,"Requests an Android UI change."
567,5419,488801,"Did y’all change something with the shuffle algorithm, @115888? It seems to be working much better now. I can’t put my finger on it, but I’ve definitely noticed a major improvement.",GENERAL_OTHER,HIGH,"Positive feedback about shuffle behavior."
568,5963,530902,"And @115888 continues to tell customers things that are not true: no chromecast in the Mac app, nothing changes. https://t.co/wnnGcI26Fh https://t.co/lCPzaJ6Au2",FEATURE_REQUEST,HIGH,"Complaint about missing Chromecast support in the Mac app."
569,40195,2810364,"@115888 When are you guys launching in India. Eagerly waiting for your services.",MUSIC_CONTENT_AVAILABILITY,HIGH,"Service availability in India."
570,24280,1871777,"@SpotifyCares I purchased premium but my account has yet to update through the app. It's been more than an hour",PREMIUM_SUBSCRIPTION,HIGH,"Premium purchase has not activated on the account."
571,40232,2813982,"@115888 You what would be great? If you could pay the monthly via Google play wallet.",PAYMENT_BILLING,HIGH,"Requests an alternative payment method."
572,32660,2293837,"@SpotifyCares Yup, the issue persists",GENERAL_OTHER,LOW,"Underlying issue is not stated."
573,26979,1985115,"@SpotifyCares So when are we getting an update on that Apple Watch app?",FEATURE_REQUEST,HIGH,"Requests/asks about Apple Watch app support."
574,32277,2284251,"@115888 release your app in india! Pleaseee 🙏",MUSIC_CONTENT_AVAILABILITY,HIGH,"Service/app availability in India."
575,8640,712167,"@SpotifyCares rep who said there would be an update within a day???",GENERAL_OTHER,LOW,"Support follow-up; exact underlying issue is unclear."
576,4835,438415,"why RBD is not on spotify??? @SpotifyCares",MUSIC_CONTENT_AVAILABILITY,HIGH,"Specific artist/content is unavailable."
577,34094,2379018,"@115888 dear spotify,i was downgraded from premium family plan to free subscription. i m the only one who’s experiencing dis in d fam. they tried inviting me back i even made a new acc but still cant join the fam plan. does this mean they secretly don’t want me in the fam or...?",FAMILY_STUDENT_PLANS,HIGH,"Family-plan membership/eligibility problem."
578,21448,1771321,"@115888 hey im a student &amp; i've been paying 12.99 per month and not getting hulu but it won't let me switch to the student plan??",FAMILY_STUDENT_PLANS,HIGH,"Student plan/Hulu eligibility and upgrade problem."
579,8392,698310,"@SpotifyCares ios11 doesn’t let me control Spotify from the lock screen anymore. Same in command centre.",APP_TECHNICAL_ISSUE,HIGH,"Lock-screen/control-center app controls are not working."
580,40387,2822724,"@117168 @SpotifyCares you have the wrong 'The Race' on the charts. It isn't a 22 Savage song with 58m plays. Please fix lol. 😂 https://t.co/u2IdVlzqAs",GENERAL_OTHER,MEDIUM,"Incorrect chart/metadata attribution; no dedicated taxonomy category."
581,36565,2560544,"Unable to add a family member. Getting undefined problem when submitting @SpotifyCares",FAMILY_STUDENT_PLANS,HIGH,"Family member cannot be added."
582,34490,2408816,"How do I get a presale code for @94016 ??? @115888 didn't hook me up this time. Help a girl out!",GENERAL_OTHER,MEDIUM,"Presale-code issue does not fit the defined categories."
583,41308,2891271,"@115888 Any news about spotify being released in Romania ? I heard shoulb be released this month .. thanks",MUSIC_CONTENT_AVAILABILITY,HIGH,"Service availability in Romania."
584,25514,1925378,"Spotify for whatever reason like half-tags Acid Rap so what you're left with is a bunch of local files that render NO TITLE and NO ALBUM 😠 https://t.co/TOilMToaOk",GENERAL_OTHER,MEDIUM,"Local-file metadata/tagging problem is outside the current taxonomy."
585,37739,2629133,"@SpotifyCares Is #reputation coming soon???? I neeeed it for the road and during school !!",MUSIC_CONTENT_AVAILABILITY,HIGH,"Question about availability of a specific album."
586,17526,1428692,"@115888 please put the lyrics back in the desktop app i need it",FEATURE_REQUEST,HIGH,"Requests return of lyrics functionality."
587,30557,2182194,"What if @115888 made a dedicated #Podcast app? - Prototype here: https://t.co/HNun5yAFJn",FEATURE_REQUEST,HIGH,"Requests a dedicated podcast app."
588,39603,590141,"@115888 It’s wrong can’t get 9,00kr",PAYMENT_BILLING,MEDIUM,"Likely a price/payment issue; exact context is incomplete."
589,38524,2705182,"@SpotifyCares family invites are never rec'd, and you removed the link... help me spot, you're my only hope",FAMILY_STUDENT_PLANS,HIGH,"Family invitations are not being received."
590,19428,1355790,"We're investigating some payment issues and working hard to get things fixed. We'll provide updates here as we receive them.",PAYMENT_BILLING,HIGH,"Explicit payment-issue update."
591,11204,904780,"@115888 trying to find podcasts on your webplayer is an actual nightmare. Fix this garbage.",APP_TECHNICAL_ISSUE,MEDIUM,"Web-player podcast search is difficult/broken; closest category is technical issue."
592,10201,842562,"@SpotifyCares I’ve tried that even uninstalled the app and reinstalled. But thankfully the app is working 100% now so im happy!!!",GENERAL_OTHER,HIGH,"Issue resolved and user is expressing positive feedback."
593,20857,1727307,"when will they put mort garson's deja vu on @115888 please @117168 i need i can't keep ripping it off youtube,,",MUSIC_CONTENT_AVAILABILITY,HIGH,"Requests a specific album/song to be available."
594,33085,2310148,"@115888 what is this? 😂#StrangersThings2 https://t.co/XJCwT7UWiV",GENERAL_OTHER,LOW,"Unclear reference to external content."
595,822,83665,"@SpotifyCares It doesn’t let me click the filter bar when editing my playlist and there is no option in the (...) next to the song that says delete",PLAYLIST_LIBRARY,HIGH,"Playlist editing functionality is not working."
596,18388,1510055,"@SpotifyCares when are you going to bring sort and search functionality in the Spotify Web Player? Also I need last.fm functionality back!",FEATURE_REQUEST,HIGH,"Requests missing sort/search and third-party functionality."
597,33229,2314328,"@115888 When will it be full sreen on iPhome X?",APP_TECHNICAL_ISSUE,HIGH,"iPhone X display/layout issue."
598,19246,1586389,"@SpotifyCares Wow that post is nearly 2 yrs old &amp; you havent done anything. Why dont you have any info? Are you saying no one at spotify has even discussed idea of creating native chrome os app? Surely someone has &amp; you could find out if you really wanted to? Or I guess Spotify doesnt care!",FEATURE_REQUEST,HIGH,"Requests a native Chrome OS app."
599,9711,809608,"The biggest things @115888 could do to keep me from moving: tv app, watch app/remote, smarter radio/magic playlists.",FEATURE_REQUEST,HIGH,"Requests Apple TV, Apple Watch and smarter recommendation features."
600,19865,1649310,"@SpotifyCares If so: how do I cancel premium for this account so that I can make a new one?",PREMIUM_SUBSCRIPTION,HIGH,"Explicitly asks how to cancel Premium."
601,35919,2517261,"@SpotifyCares my wife signed up for spotify+starbucks deal (https://t.co/EZFcorftnL) but hasnt received the promo code yet - its been almost a week. Can you guys help?",GENERAL_OTHER,MEDIUM,"Promotion-code issue does not fit the defined 12 categories."
602,4127,375401,"@115888 https://t.co/ZdMtJJlgdk",GENERAL_OTHER,LOW,"Only a link is provided; insufficient context."
603,904,91687,"@spotifycares tried using my app this morning says I need to log in. Tried logging in, said PW invalid. Tried resetting PW, said username invalid",ACCOUNT_LOGIN_SECURITY,HIGH,"Login/password reset failure."
604,11959,967885,"@115888 put the band TOOL in your app please",MUSIC_CONTENT_AVAILABILITY,HIGH,"Requests a specific artist/band to be available."
605,29133,2047770,"Spotify gave everyone with a student account a Hulu account as well so safe to say I won't be leaving the house other than for work/school",GENERAL_OTHER,HIGH,"Casual positive/commentary about the student offer."
606,27842,2031957,"@117153 paid for premium but im still on free. Already received the confirmation thru email but my premium subs. is still not working",PREMIUM_SUBSCRIPTION,HIGH,"Premium purchase is confirmed but account still shows Free."
607,31992,2264868,".@115888 Can you update your iPhone app to accommodate all that is glorious about the iPhone X screen?",APP_TECHNICAL_ISSUE,HIGH,"iPhone X app optimization request/problem."
608,26965,1984002,"So now @115888 making us put our credit card info for free 30 day premium account",PAYMENT_BILLING,MEDIUM,"Complaint about requiring payment-card information for a trial."
609,27952,2036292,"@SpotifyCares Are you having issues right now? The community sites doesn't really load for me, and chromecast audio isn't working.",APP_TECHNICAL_ISSUE,HIGH,"Website and Chromecast integration are malfunctioning."
610,38837,2728381,"@SpotifyCares for the third time this year I've been charged in excess of the student rate, yet I'm still a student. Can you assist?",FAMILY_STUDENT_PLANS,HIGH,"Student discount is not being applied."
611,19351,1595433,"@SpotifyCares Just wondering, what causes the Android app to keep nearly 3 gb of user data on my phone? I don't have any songs downloaded or anything. Is there a way to optimize that?",APP_TECHNICAL_ISSUE,HIGH,"Excessive app storage/data usage."
612,29407,2095162,"@SpotifyCares Just wondering, what causes the Android app to keep nearly 3 gb of user data on my phone? I don't have any songs downloaded or anything. Is there a way to optimize that?",APP_TECHNICAL_ISSUE,HIGH,"Excessive app storage/data usage."
613,42652,2947630,"sometimes @115888 knows me. other times, it thinks i like contemporary pop music. I don’t know what is going on there.",FEATURE_REQUEST,MEDIUM,"Recommendation/personalization problem; closest taxonomy match is feature-related."
614,32792,2297989,"thank you @spotifycares for recovering my account and refunding the premium fee",GENERAL_OTHER,HIGH,"Positive follow-up after account recovery/refund."
615,34640,2422821,"@SpotifyCares why do radio stations of songs only have a set number of songs before they start repeating? Such a good possible option that only seems to go halfway.",FEATURE_REQUEST,HIGH,"Requests improved/extended radio behavior."
616,2530,225359,"@SpotifyCares why i cant reproduce this song? https://t.co/4uYBqqk8cW",PLAYBACK_ISSUE,HIGH,"Specific song cannot be played."
617,6677,573781,"@SpotifyCares Hey, I need some help with my account",GENERAL_OTHER,LOW,"Account issue is unspecified."
618,29693,2118763,"@SpotifyCares got logged out of my account on my phone, can't remember password. Don't have access to old email address for reset. Help?😭",ACCOUNT_LOGIN_SECURITY,HIGH,"Login/password recovery problem."
619,33729,2349658,"@SpotifyCares Please make the standard player the same as the new one for Time Capsule! Love it!",FEATURE_REQUEST,HIGH,"Requests player UI consistency/change."
620,34164,79440,"@115888 For new accounts only? https://t.co/7Vq2aND447",GENERAL_OTHER,LOW,"Offer eligibility is unclear without additional context."
621,4215,379997,"@115888 I hope Love Yourself Her hidden tracks will be on spotify too. @133324",MUSIC_CONTENT_AVAILABILITY,HIGH,"Requests additional music content to be available."
622,8325,690388,"@spotifycares Just because I had Mi gente on my song list at one point the daily mix wont stop spamming me with similar songs... fix this",FEATURE_REQUEST,HIGH,"Requests better control over recommendation behavior."
623,31824,2251540,"@SpotifyCares can we get support for iPhone X please? Love Spotify but the app looks awful and outdated on this new phone.",APP_TECHNICAL_ISSUE,HIGH,"iPhone X app support/optimization issue."
624,27669,2025518,"@SpotifyCares I set up my account with Facebook a million years ago and just upgraded to Premium. I now want to change my account to an email login and disconnect from facebook. I can't access links - get ""bad request"" message. help!",ACCOUNT_LOGIN_SECURITY,HIGH,"Account login/linkage change with Facebook is failing."
625,10214,844342,"@SpotifyCares Is the Radio X radio within the app a @320735 branded station, or just a station called Radio X?",GENERAL_OTHER,HIGH,"General informational question about content branding."
626,38361,2689660,"@SpotifyCares https://t.co/3tjNYbHuEr Google Chrome, MacBook Pro",GENERAL_OTHER,LOW,"Browser/device information with no stated issue."
627,38772,2720903,"@117168 WHY AM I GETTING BABY JOGGER ADS??! I DO NOT WANT BABIES MAKE IT STOP",ADS_FREE_TIER,HIGH,"Complaint about unwanted advertisements."
628,40001,2795582,"@SpotifyCares omg FIX THIS (please!) no one else is on my account ); https://t.co/MeF89gXQER",GENERAL_OTHER,LOW,"Likely account-related, but the actual issue is unclear from the text/link."
629,12180,984911,"Hey @SpotifyCares , i applied for the student discount membership and it said that i was accepted but my account still is on free.",FAMILY_STUDENT_PLANS,HIGH,"Student discount accepted but plan status not updated."
630,26784,1975448,"@116130 @SpotifyCares hi. How do I get some help with my account?",GENERAL_OTHER,LOW,"Account issue is unspecified."
631,22667,1815601,"@SpotifyCares I can’t even use the online contact form because it’s linked to the login page... the one I can’t log in to.",ACCOUNT_LOGIN_SECURITY,HIGH,"Cannot access support because login is unavailable."
632,10163,839957,"@SpotifyCares @115888 @13582 CC: @319835",GENERAL_OTHER,LOW,"Only mentions/CC information; no issue stated."
633,2116,186339,"Hey @117168 why can’t all songs look like this instead of what we have! I like this look better https://t.co/ai47C3MEtN",FEATURE_REQUEST,HIGH,"Requests a different UI/design for songs."
634,20726,1715473,"why is hello not working on spotify did they take it out im contacting my lawyer as we speak i hope it was worth it",GENERAL_OTHER,LOW,"'Hello' is unclear and insufficient context prevents reliable classification."
635,29835,2128563,"@115888 we need that new @20582 tape. what’s good?!",MUSIC_CONTENT_AVAILABILITY,MEDIUM,"Likely asks for specific music to be released/available."
636,36777,2577775,"@115888 lately I've been trying to log in to my account and it wont let me can you please fix this",ACCOUNT_LOGIN_SECURITY,HIGH,"Unable to log in."
637,7780,654656,"@115888 A stávající uživatele tradičně nic...",GENERAL_OTHER,LOW,"Insufficient context; translation/context is unclear."
638,41907,2916555,"@SpotifyCares I go to my albums section and I can play a song no problem downloaded or non downloaded but when I try to search for a artists like Metallica or Rammstein it says error and my connection is fine so I don’t know what’s happening. Is the app down?",APP_TECHNICAL_ISSUE,HIGH,"Search for artists fails with an error despite working playback."
639,36367,2549582,"@117153 @SpotifyCares @115888 @127637",GENERAL_OTHER,LOW,"Only mentions; no issue stated."
640,24111,1866913,"Is anyone else having issues with their @115888 and every damn song skipping like an old scratched vinyl record??",PLAYBACK_ISSUE,HIGH,"Songs are repeatedly skipping during playback."
641,21329,1764655,"@SpotifyCares Play/next/prev keys don't work on desktop app on macOS 10.13. Any ETA on a fix? Not just me, it seems. https://t.co/LNNXsbYstO",APP_TECHNICAL_ISSUE,HIGH,"Desktop media controls are not functioning."
642,10896,885037,"I’m having serious issues with @115888 where random devices show up and take over my listening. Anyone else having issues?",ACCOUNT_LOGIN_SECURITY,HIGH,"Unknown devices controlling playback suggests account compromise/security issue."
643,17450,1421486,"@SpotifyCares I'll check on my computer when I have a minute. Maybe my phone's just bring fussy. (Also idk how to clear that on my phone's browser)",GENERAL_OTHER,LOW,"Troubleshooting/context message without a clearly stated issue."
644,39723,2783473,"@117153 Getting 503 and 504 nginx errors trying to access my account on the web. Something up?",ACCOUNT_LOGIN_SECURITY,HIGH,"Accessing the account on the web is failing with server errors."
645,31927,2264736,"@115888 When I use spotify on other devices besides my laptop the volume bar barely changes the volume. Almost the same from 100% to 1%, is this normal?",PLAYBACK_ISSUE,HIGH,"Playback volume control behaves incorrectly."
646,3766,338724,"@SpotifyCares @AppleSupport What does this mean? Please fix it, it’s a problem. It’s iOS 11 and fully up to date. https://t.co/vf7jcKYhhY",APP_TECHNICAL_ISSUE,LOW,"Technical issue is indicated but exact symptom is unavailable."
647,21823,1787403,"@SpotifyCares Just signed up for family premium. My wife is not receiving the email invite. I have sent it several times. Uninvited her and invited her back...with no success. Cleared history and made sure that her email account isn't registered in a foreign country",FAMILY_STUDENT_PLANS,HIGH,"Family invitation is not being received."
648,26485,1965152,"Hi @SpotifyCares why i can't login to my account, it says wrong login information ( i'm sure it's right )",ACCOUNT_LOGIN_SECURITY,HIGH,"Login credentials are rejected."
649,30431,2175359,"@SpotifyCares Just curious-why can't I play Podcasts on my Pixel 2 through my Sonos?",PLAYBACK_ISSUE,HIGH,"Podcast playback through Sonos is not working."
650,25179,1912057,"@115888 how do u switch ur payement to ur Starbucks numbers",PAYMENT_BILLING,HIGH,"Question about changing the payment method/account to Starbucks billing."
651,11027,893398,"@SpotifyCares umm why is “Into You” by Ariana Grande not actually that song 😂",GENERAL_OTHER,HIGH,"Song metadata/content is incorrect, but this does not fit cleanly into the 12 categories."
652,11841,962705,"@115888 if I've paid for my Premium sub this month, but cancel it, will I have access until next month's payment would have been made?",PREMIUM_SUBSCRIPTION,HIGH,"Question about Premium cancellation and remaining subscription period."
653,18452,1516270,"@SpotifyCares Search does not work in Desktop App... loading forever without results.",APP_TECHNICAL_ISSUE,HIGH,"Desktop search is malfunctioning."
654,13433,1091043,"@SpotifyCares I have signed up and am paying for the family plan, but when I try to add family members, the screen is black. How do I fix>",FAMILY_STUDENT_PLANS,HIGH,"Family-plan member addition is failing."
655,36603,2564274,"@115888 @spotifycares Why is there a cap on adding songs to my library? I don't want the company line. This policy needs to be reexamined.",FEATURE_REQUEST,HIGH,"Requests removal/increase of the library song limit."
656,13990,1129997,"Tried Premium yet? Your favorite music, ad-free, on-demand and offline. Get the first 30 days free. https://t.co/EcONpFQ6Xg",GENERAL_OTHER,HIGH,"Promotional/marketing message."
657,42908,2964654,"@SpotifyCares Oh, so he must not be in the US because her app hasn’t been released here yet. So, it has to be either New Zealand, Singapore, Brazil or Canada.",MUSIC_CONTENT_AVAILABILITY,MEDIUM,"Discussion of regional app/service availability."
658,18508,1517712,"@115888 why is 'I Do' by Placebo missing? Almost every song from Once More With Feeling is there, except that one. #AllSongsMatter https://t.co/wasQBWtXTE",MUSIC_CONTENT_AVAILABILITY,HIGH,"Specific song is unavailable."
659,22627,1814818,"make @115888 available in Saudi Arabia",MUSIC_CONTENT_AVAILABILITY,HIGH,"Requests service availability in a country."
660,22632,1814855,"hi @SpotifyCares you've overcharged me AGAIN! please DM me to sort this out",PAYMENT_BILLING,HIGH,"Explicit overcharge."
661,40726,2853010,"@115888 Do you ever reply to emails? Been waiting 4 days for reply",GENERAL_OTHER,HIGH,"Support-response complaint."
662,17151,1384565,"@SpotifyCares I've given up on the desktop app. It's unresponsive and buggy, but worst of all it leaks massive amounts of memory. I see incremental updates, but none of them fix the elephant in the room. I can use the web app, but I can't scrobble from it or easily play by album.",APP_TECHNICAL_ISSUE,HIGH,"Desktop app has severe performance and memory problems."
663,17308,1406404,"@117153 brand new to using Spotify, web player is having issues-stops playing songs and says there was an error. What's going on?",PLAYBACK_ISSUE,HIGH,"Web playback stops and produces an error."
664,36977,2588873,"@117153 The sidebar adverts have started to play music over the top of the songs I'm listening to. Any idea how I can stop this? #annoying",ADS_FREE_TIER,HIGH,"Advertisements interrupt music playback."
665,26952,1983462,"@115888 Hi, instead of programming Stranger Things advertisement please fix your wack garbage 'shuffle' function so that it's random",PLAYBACK_ISSUE,HIGH,"Shuffle behavior is incorrect; playback ordering is the issue."
666,8931,737377,"@115888 @SpotifyCares hey, guys. Share is not working on my 6P, Android Oreo! The app is updated! When I try to share the app closes :(",APP_TECHNICAL_ISSUE,HIGH,"Share function causes the app to close."
667,34311,2395618,"Why isn't @65281 #Bloodsports on @115888 ?",MUSIC_CONTENT_AVAILABILITY,HIGH,"Specific music content is unavailable."
668,2520,224857,"@SpotifyCares Can't create an account. Firefox, Chrome, iPhone: ""oops something went wrong"". I give up.",ACCOUNT_LOGIN_SECURITY,HIGH,"Account creation/authentication is failing."
669,3264,297449,"@115888 can you please let us use Spotify in Egypt. Like hell no I have to use Spotify girl.",MUSIC_CONTENT_AVAILABILITY,HIGH,"Requests service availability in Egypt."
670,35352,2477831,"WHERE IS THE ACCENT? WHEW is Beyonce Knowles??? @115888 @301522 @96402 https://t.co/t2E3YE1h7S",GENERAL_OTHER,MEDIUM,"Likely artist/name metadata issue; no dedicated taxonomy category."
671,30764,2198050,"@115888 iPhone X was announced on September 12th. It’s been here for a week. Time for an update! Please. https://t.co/6lXVOfZvRn",APP_TECHNICAL_ISSUE,HIGH,"Requests missing iPhone X app support/update."
672,21657,1780804,"@117153 Hey my card isnt working for spotify! i've tried all the troubleshooting but nothing is working. Please help!",PAYMENT_BILLING,HIGH,"Payment card is not working."
673,32164,2276886,"Trying to figure out why @115888 is not letting hear @89343 's new ep while I shower 🤔😒",MUSIC_CONTENT_AVAILABILITY,HIGH,"Specific new EP is unavailable."
674,17805,1460704,"I am a student majoring in Computer Science and crazy about Spotify. May I due some volunteer programming during the Winter? @SpotifyCares",GENERAL_OTHER,HIGH,"Volunteer/job-related request, not a Spotify support issue."
675,1512,141200,"@115888 Hi! I have an HIFI Onkyo TX-NR509 and I cannot longer connect to spotify. User and password are ok and the account is Premium. What’s the mess?",APP_TECHNICAL_ISSUE,HIGH,"Third-party device connection is failing."
676,4591,416200,"@SpotifyCares I can't remove the battery, but let me try it.",GENERAL_OTHER,LOW,"Context is incomplete; no clear Spotify issue."
677,15661,1253066,"@115888 plz incorporate a sleep timer. Its too much work to use you before the zzz",FEATURE_REQUEST,HIGH,"Requests sleep-timer functionality."
678,8443,700404,"@SpotifyCares hey i’m trying to update my payment info and it keeps telling me something went wrong and to try again but every time i do try again it takes the money out of my account like nothing went wrong so 🧐",PAYMENT_BILLING,HIGH,"Payment information update and unexpected charges."
679,1338,2916,"@115888 You broke my heart. You didn't post it's only available under credit card txns.",PAYMENT_BILLING,MEDIUM,"Appears to concern purchase/payment-method availability; context is limited."
680,20758,1718819,"@131098 hoi m’n spotify komt ineens niet meer op m’n vergrendelscherm (iPhone) hoe los ik dat op? Gr Bree",APP_TECHNICAL_ISSUE,HIGH,"Spotify controls/display disappeared from iPhone lock screen."
681,6302,560951,"@SpotifyCares how do I buy your year of premium for £99? The pink advert page has no buy or continue link..! https://t.co/Ts055liSGs",PREMIUM_SUBSCRIPTION,HIGH,"Premium yearly offer cannot be purchased."
682,17402,1417868,"Shout out to @115888 for saying “enjoy the next 30 min of ad free music”.... old spice ad plays right after 🙃",ADS_FREE_TIER,HIGH,"Ad-free reward fails and an ad plays."
683,26585,1968820,"@SpotifyCares The Apple Watch series 3 with cellular. Thats enough reason alone.",FEATURE_REQUEST,MEDIUM,"Implicitly refers to desired Apple Watch support."
684,2506,224121,"@115888 will you be updating the Cubs postseason walkup music playlist for this year?",FEATURE_REQUEST,HIGH,"Requests update/additions to a playlist."
685,21667,1781047,"Both @115888 and @115940 for 4.99? We see who really lookin out for the students.",FAMILY_STUDENT_PLANS,HIGH,"Commentary about student pricing/offer."
686,35677,2499434,"@117153 my premium has stopped working all of a sudden please help",PREMIUM_SUBSCRIPTION,HIGH,"Premium subscription has stopped functioning."
687,32378,2286856,"Specifically chose to shuffle play Kanye’s 808s and Heartbreak album. The @115888 algorithm came no where close https://t.co/2m2gAA6Pwz",PLAYBACK_ISSUE,HIGH,"Shuffle playback does not behave as expected."
688,15865,1267815,"@SpotifyCares Restarted already still not working. https://t.co/gIHNYQcjiT",GENERAL_OTHER,LOW,"Underlying issue is not stated."
689,35574,2491624,"@115888 You need to bring back Touch Preview!! ASAP! Literally the only reason I used you guys over other music apps! Also, this bullshit with only being able to download 3,333 songs for offline listening is complete B.S! I pay for Premium, there should be NO limit!",FEATURE_REQUEST,HIGH,"Explicitly requests restoring Touch Preview and increasing/removing the offline limit."
690,38921,2734593,"@SpotifyCares Yeah I get that. So where do I download them with the app on my computer these are the options I have https://t.co/el2ZdaRxhB",DOWNLOAD_OFFLINE,HIGH,"Question about downloading music on desktop."
691,937,95800,"@SpotifyCares could you help me",GENERAL_OTHER,LOW,"No specific issue stated."
692,41539,2908668,"@115888 I NEED a Grammy noms playlist ASAP.",FEATURE_REQUEST,HIGH,"Requests creation/release of a playlist."
693,15937,129743,"Zero ads. All music. Get 3 months Premium for ₱9. https://t.co/QNQBeV48tP",GENERAL_OTHER,HIGH,"Promotional/marketing message."
694,25075,1908159,"@SpotifyCares why is this popping up when I put Bark At The Moon on shuffle? https://t.co/pZPFd6xlaV",GENERAL_OTHER,LOW,"Relies on an external image and does not provide enough context."
695,39691,2782153,"@115888 @SpotifyCares Any news on when an update to the desktop app to show release date in full?",FEATURE_REQUEST,HIGH,"Requests a desktop feature/change to display full release dates."
696,4232,380812,"No AirPlay in desktop app, no tvOS app… seriously, @115888?",FEATURE_REQUEST,HIGH,"Requests AirPlay/tvOS support."
697,32622,2293236,"@SpotifyCares In my library",GENERAL_OTHER,LOW,"Insufficient context."
698,4689,423864,"se acaba de borrar mi playlist fav de spotify y mejor mátenme yaaaaaaaaaa :(",PLAYLIST_LIBRARY,HIGH,"Favorite playlist was deleted."
699,1547,144253,"@8490 hi. My account was hacked and I've sent a mail to your support team on Wednesday. No response yet and locked out of account still. Any update?",ACCOUNT_LOGIN_SECURITY,HIGH,"Hacked account and locked-out access."
700,41470,2902831,"@SpotifyCares DM sent :)",GENERAL_OTHER,HIGH,"Support/contact follow-up."
701,16576,1335498,"@SpotifyCares Please. TYVM! &lt;3",GENERAL_OTHER,LOW,"No specific issue or request is stated."
702,5355,483954,"@117153 unfortunately my Spotify doesn't even open when I want to start the app on my Samsung Galaxy S7 Edge. It's VERY annoying since I pay the premium account and I can't use it. Please help and answer me what can I do???",APP_TECHNICAL_ISSUE,HIGH,"Spotify application will not open."
703,39009,2738304,"Spotify for Artists is officially live on Android! Download now and get the most out of Spotify, all from your phone: https://t.co/lgkCOIITnE https://t.co/3RTIBW4SZu",GENERAL_OTHER,HIGH,"Announcement/marketing message."
704,1129,110129,"@115888 is it a feature to use my password as the very prominently displayed and in clear text username in the app now? #WTF #netsec miss",ACCOUNT_LOGIN_SECURITY,HIGH,"Password is being exposed as visible account information."
705,17797,1459949,"@115888 why can i no longer listen to “Troubadour” by George Strait?",MUSIC_CONTENT_AVAILABILITY,HIGH,"Specific song is no longer available."
706,22077,1794685,"@SpotifyCares Listen, @115888. It's not your recommendation engine that's the problem. It's awesome. What sucks is the boilerplate content 1/2",GENERAL_OTHER,MEDIUM,"Feedback is incomplete and does not clearly identify a specific taxonomy category."
707,10017,832538,"@SpotifyCares Drain Sth's song ""Crack the Liar's Smile"" is named ""Crack the War's Smile"" incorrectly. Just FYI.",GENERAL_OTHER,HIGH,"Incorrect song metadata/title."
708,28269,2045153,"@SpotifyCares um bring jay z back to spotify i need me some watch the throne",MUSIC_CONTENT_AVAILABILITY,HIGH,"Requests return of unavailable artist/music."
709,12836,1041586,"Is there a presale for @1966 tickets like there was last time through @115888 @SpotifyCares ??",GENERAL_OTHER,HIGH,"Presale/ticket question outside the taxonomy."
710,8904,730431,"@SpotifyCares thank you for been so attentive, please see my DM. Hope you can assist me . https://t.co/ZjLzTmrrKx",GENERAL_OTHER,HIGH,"Support follow-up."
711,38556,2706998,"@SpotifyCares hey gang, is it possible to merge two existing accounts into a family account if they belong to two different users?",FAMILY_STUDENT_PLANS,HIGH,"Question about merging accounts into a Family plan."
712,29629,2116849,"@115888 maybe you could use @115890 Groove app &amp; just put your brand into the code. Every morning it sucks😧",GENERAL_OTHER,LOW,"Context is unclear."
713,8219,683941,"@SpotifyCares In desktop app (version 1.0.67.582.g19436fa3) on mac (version 10.13.1 (17B48)) the ""discover"" tab is empty. Discover is the only reason I use spotify. I only see ""discover weekly"" and ""release radar"" and some ""tunes for the morning"". Please fix asap.",APP_TECHNICAL_ISSUE,HIGH,"Desktop Discover tab is malfunctioning/empty."
714,41591,2910953,"@117153 I do not receive an email from you guys when I request a reset password. Haven’t been able to use my premium account in days. Ive checked all email accounts and spam folders. No email.",ACCOUNT_LOGIN_SECURITY,HIGH,"Password-reset email is not received, preventing login."
715,16760,1349641,"@115888 @SpotifyCares When did this start? I'm playing music on browser and my phone opens a notification with the song info and controls.",APP_TECHNICAL_ISSUE,MEDIUM,"Unexpected device notification/control behavior."
716,20267,1684782,"@SpotifyCares Roku doesn’t show up, though I’m standing in front of it, on the same home network.",APP_TECHNICAL_ISSUE,HIGH,"Roku device is not detected."
717,10115,836555,"@115888 do you purposely make your ads use up so much cpu forcing people to go premium?",ADS_FREE_TIER,HIGH,"Complaint about ads using excessive resources."
718,21700,1782763,"@SpotifyCares - I made an account with you guys a while ago (via. Facebook), and now I cannot log in because it errs out when I try.",ACCOUNT_LOGIN_SECURITY,HIGH,"Cannot log in through Facebook-linked account."
719,42163,2919417,"@SpotifyCares Nope thanks so much!",GENERAL_OTHER,HIGH,"Closing/thank-you message."
720,26938,1983129,"@SpotifyCares help i cant unlink my facebook from my account :(",ACCOUNT_LOGIN_SECURITY,HIGH,"Cannot unlink Facebook account."
721,41922,2916586,"Hey @115888 why are you loadinggggg ? I’m dying at work over here",APP_TECHNICAL_ISSUE,MEDIUM,"Spotify is stuck loading; exact subsystem unclear."
722,21383,1767677,"@hulu_support @SpotifyCares Hulu randomly stopped working with my spotify account. Can I please have some help?",FAMILY_STUDENT_PLANS,HIGH,"Hulu/Spotify bundled account stopped working."
723,19574,1618077,"@SpotifyCares Hi, spotify version 8.4.22.515, iPhone 6S iOS 11.0.3. Thanks",GENERAL_OTHER,LOW,"Version/device information only."
724,16467,1312616,"Hey @115888 is there anyway I can turn off the ""this is..."" playlists? I kinda want to hear all the songs not a few that are picked for me",FEATURE_REQUEST,HIGH,"Requests ability to disable curated playlist behavior."
725,30669,2190771,"@115888 what kind of christmas playlist doesn’t have mariah carey on it? :// problematic https://t.co/xV5qskyD0S",FEATURE_REQUEST,MEDIUM,"Feedback implying a request/change to curated playlist content."
726,23212,1837499,"Man, @115888 @SpotifyCares is lacking! 😬 I am not able to hear some songs!",MUSIC_CONTENT_AVAILABILITY,HIGH,"Some music content is unavailable."
727,20943,1736627,"@SpotifyCares @115888 the more I notice more music being unavailable when it was available really upsets me and makes me want to switch to @115948 #sorrynotsorry",MUSIC_CONTENT_AVAILABILITY,HIGH,"Previously available music is becoming unavailable."
728,31107,2215875,"@SpotifyCares I use the most recent of both of them. I don’t think it’s spotify because it happened with Soundcloud as well",GENERAL_OTHER,LOW,"Troubleshooting/context message without enough information."
729,39976,2794549,"@SpotifyCares I'm logged into Spotify desktop client on Windows and I'm seeing the Free version with ads. Account is boldmayer65.",PREMIUM_SUBSCRIPTION,HIGH,"Premium account is being shown as Free."
730,10248,846801,"Really frustrating that my biggest songs aren't on my @115888 profile bc I was labeled as the ""featured"" artist. Such a stupid feature 🙄",GENERAL_OTHER,MEDIUM,"Artist-profile/catalog attribution issue outside the taxonomy."
731,40758,2854393,"@SpotifyCares my spotify got hacked again?! plz help",ACCOUNT_LOGIN_SECURITY,HIGH,"Explicit account compromise."
732,11566,908525,"@117153 @SpotifyCares Not payment issues, but the Android app is refusing to load any content. Which, given I'm a Premium user? Really, really annoying.",APP_TECHNICAL_ISSUE,HIGH,"Android app fails to load content."
733,35961,2518461,"I wish @115888 had mixtapes",FEATURE_REQUEST,HIGH,"Requests mixtape functionality."
734,5926,526272,"@SpotifyCares how to troubleshoot why offline music won’t download. Left it for hours... https://t.co/BoyXCKUewc",DOWNLOAD_OFFLINE,HIGH,"Offline music will not download."
735,8796,724354,"@SpotifyCares Logged out, cleared cache, restarted Chrome, logged back in. Song took 2 minutes to start playing, stalled after 10 seconds",PLAYBACK_ISSUE,HIGH,"Playback is extremely slow and stalls."
736,1469,116606,"@117153 A member of my family plan has an issue she cant join to the plan, it says""try again"" cause theres a problem, í send the inv like 4 times this week",FAMILY_STUDENT_PLANS,HIGH,"Family member cannot join plan."
737,5736,508847,"@SpotifyCares my account was charged for Premium this month but it still says I have the free account.",PAYMENT_BILLING,HIGH,"User was charged but account still shows Free."
738,13665,1102461,"@115888 can someone help me with my payment",PAYMENT_BILLING,LOW,"Payment issue is unspecified."
739,25475,1922631,"@SpotifyCares I'd like to change my username but since that's not possible, can you transfer everything from my old account to my new?",ACCOUNT_LOGIN_SECURITY,MEDIUM,"Account identity/transfer request."
740,31645,2246075,"@SpotifyCares are u bringing back the ‘most listened songs of the year’ album again this year and if yes when",FEATURE_REQUEST,HIGH,"Asks about return of an annual feature/playlist."
741,19366,1596822,"Waiting for @1313 and @115888 to update their apps for the X",APP_TECHNICAL_ISSUE,HIGH,"Requests app update/support for iPhone X."
742,8915,735895,"Hey @115888 why do you keep deleting my offline songs from my phone? Stop!",DOWNLOAD_OFFLINE,HIGH,"Offline downloaded songs are repeatedly deleted."
743,40931,2861290,"I tried to deactivate my @115888 account more than once and only today did it I hope cancel because I have lost $50 on an app I DONT EVEN USE!!!",PAYMENT_BILLING,HIGH,"Money was lost while attempting to cancel/deactivate the account."
744,1105,110062,"@115888 hi im just wondering how I can cancel 1 of 2 subscription to your selfs ...",PREMIUM_SUBSCRIPTION,HIGH,"Question about cancelling one of multiple subscriptions."
745,20182,1676582,"@SpotifyCares We've been voting for 29 years nothing gets done",GENERAL_OTHER,LOW,"Vague complaint; exact issue is unknown."
746,34446,2405252,"@SpotifyCares You had 2 months to update your app to support iPhone X screen and had 2 updates since release. For a company your size... it should’ve been done already. What’s the hold up?",APP_TECHNICAL_ISSUE,HIGH,"iPhone X display/support issue."
747,4779,431731,"@115888 @SpotifyCares hey I’m having difficulty updating my account in app. Do I have to access that on a browser?",ACCOUNT_LOGIN_SECURITY,MEDIUM,"Account information cannot be updated in the app."
748,40246,2815043,"Yo @115888 @117168 someone need trying to use my account while I’m using it right now.. we’re literally battling between Christmas and Mexican music right now. How do I cut them off??",ACCOUNT_LOGIN_SECURITY,HIGH,"Unauthorized person is actively using the account."
749,3146,286418,"@115888 can you add some Got7 and Twice already....more than just one song each. Please and thank you 💕",MUSIC_CONTENT_AVAILABILITY,HIGH,"Requests more music from specific artists to be available."
750,20589,1705027,"@SpotifyCares My Google Cast devices are working great, that's not the problem. I want to remove an old Spotify Connect speaker. Thanks",APP_TECHNICAL_ISSUE,MEDIUM,"Device management/Spotify Connect speaker removal issue."
751,2810,254990,"@SpotifyCares So can you tell me why an Explicit content filter hasn't already been implemented? #ProveSpotifyCares",FEATURE_REQUEST,HIGH,"Requests an explicit-content filter."
752,5067,459137,"@115888 I was paying for a student membership and all of a sudden there’s a premium charge on my account for this month?",FAMILY_STUDENT_PLANS,HIGH,"Student pricing/plan status changed unexpectedly."
753,7571,137175,"3 months of Premium is just 99p. Play music offline wherever you go. https://t.co/MB7IaE21lJ",GENERAL_OTHER,HIGH,"Promotional/marketing message."
754,24899,1900199,"Why can't I find some of @47469 remixes on @115888",MUSIC_CONTENT_AVAILABILITY,HIGH,"Specific remixes are unavailable."
755,21956,1790160,"@SpotifyCares I just dumped the whole thing. I'd expect its your job to figure this out, isn't it. I'd expect some auto-updater left over garbage coupled with audio cache. But who knows",APP_TECHNICAL_ISSUE,MEDIUM,"Discussion of application/cache/update technical problems."
756,37779,2633276,"@115888 why did you take away the preview option when you hold down on a song?!",FEATURE_REQUEST,HIGH,"Requests return of the preview feature."
757,40887,2859100,"@SpotifyCares it looks like somebody brought this up 5 years ago, but i don't see the feature yet: https://t.co/2aTryav2ws is it on the road map yet?",FEATURE_REQUEST,HIGH,"Explicitly asks about a missing feature."
758,31527,2239755,"Anybody know when @115888 is hitting South African shores?",MUSIC_CONTENT_AVAILABILITY,HIGH,"Service availability in South Africa."
759,3130,284967,"@SpotifyCares Android 7.0 and spotify is 8.4.21.508 V7",GENERAL_OTHER,LOW,"Version information only."
760,6333,562447,"@SpotifyCares the new update doesn’t let me open the program at all, help",APP_TECHNICAL_ISSUE,HIGH,"App cannot be opened after update."
761,40683,2848345,"Hey @SpotifyCares why won't Spotify import my iTunes/Apple Music playlists? It just creates an empty folder! (Using Mac and most recent versions for everything)",PLAYLIST_LIBRARY,HIGH,"Playlist import/synchronization problem."
762,37312,2608706,"@115888 sort your shit out with family account sharing",FAMILY_STUDENT_PLANS,HIGH,"Family account-sharing problem."
763,7629,648631,"Hey @115888 would ❤️ you forever if you could put out a ""Baby, It's Cold Outside""-free holiday playlist x, team SG",FEATURE_REQUEST,HIGH,"Requests a specific curated holiday playlist."
764,34880,2441006,"hate how there’s no Del Shannon on @115888",MUSIC_CONTENT_AVAILABILITY,HIGH,"Specific artist/music is unavailable."
765,22702,1816312,"Spotify has a Follow button, but where is the Never Play This Trash Again button? @115888 @33326",FEATURE_REQUEST,HIGH,"Requests an artist/song blocking feature."
766,40376,2822003,"@SpotifyCares Not all the songs in my playlists are downloading for offline use on my mac. Reinstalled, no change. Any ideas?",DOWNLOAD_OFFLINE,HIGH,"Some playlist songs cannot be downloaded for offline use."
767,34100,12076,"Student? Get your fix of Premium. Play the songs you want, over and over. $5.99/mo. https://t.co/Mj7oJAmfY",GENERAL_OTHER,HIGH,"Promotional/marketing message."
768,21573,1778463,"YASSSSSS ✨🙌🏼✨🙌🏼 @115888, please add this?! https://t.co/vvkdhMO5IC",FEATURE_REQUEST,MEDIUM,"Likely requests adding linked content/feature; context is limited."
769,21317,1762512,"@SpotifyCares how come I still have a skip limit with Premium?",PREMIUM_SUBSCRIPTION,HIGH,"Question about Premium feature limits."
770,32127,2275469,"@SpotifyCares a dead man is revived and you nonchalantly ask what's happening like you have no idea",GENERAL_OTHER,LOW,"Insufficient context."
771,39664,2780822,"@SpotifyCares haven’t received an email with my Romeo Santos presale code... what’s up with that",GENERAL_OTHER,HIGH,"Presale-code problem outside the taxonomy."
772,34012,2371469,"@115888 really frustrating when my entire maxed out library of music disappears",PLAYLIST_LIBRARY,HIGH,"Entire music library disappears."
773,2856,258956,"@115888 How do I get this sorted. Would they have access to all my payment info too?!?!",ACCOUNT_LOGIN_SECURITY,MEDIUM,"Concern about unauthorized access to payment information; context is limited."
774,19101,1569806,"@115888 really wish you guys had more of the Japanese artists I like :-\ Barely any @64328 and no @64329 :-\",MUSIC_CONTENT_AVAILABILITY,HIGH,"Requests more music from specific artists/region."
775,33764,2350985,"@SpotifyCares Having issues updating my payment method on both mobile and desktop sites. Progress wheel keeps spinning when I hit ""continue"". Help?",PAYMENT_BILLING,HIGH,"Payment method update is failing."
776,7789,655571,"@118266 min kalo mau langganan tp gapunya kartu kredit gimana caranya ya? kebetulan saya pake indosat",PAYMENT_BILLING,HIGH,"Asks about alternative payment method without a credit card."
777,32511,2290091,"@SpotifyCares Restarting wifi and computer does nothing",GENERAL_OTHER,LOW,"Troubleshooting response without underlying issue."
778,14108,1145281,"I cannot log into my Spotify account because I’m being told my Facebook credentials are invalid, but I have updated them. @115888 #helpme",ACCOUNT_LOGIN_SECURITY,HIGH,"Facebook authentication/login failure."
779,3225,292971,"@SpotifyCares Thanks for the feedback. It’s an album I’ve listened for years and am really glad to see it on Spotify.",GENERAL_OTHER,HIGH,"Positive feedback."
780,13207,1074045,"@SpotifyCares I have reset my password and I still can not log can someone please help #tuneless",ACCOUNT_LOGIN_SECURITY,HIGH,"Cannot log in after resetting password."
781,23961,1861563,"@SpotifyCares Simply listening to music and moments later hear the fan fire up. CPU at 110%. Cleared all Spotify files/app, reinstalled, still happening.",APP_TECHNICAL_ISSUE,HIGH,"Severe CPU/resource usage by the app."
782,28354,2047784,"@SpotifyCares I seem to have been double charged for a Spotify Family membership as well as a Premium membership through Apple. Help!",PAYMENT_BILLING,HIGH,"Duplicate charges for subscriptions."
783,1216,116589,"@SpotifyCares if I get the 3 months for 0.99€ promo now, will it be available till Dec 31 only (when the offer expires) or until the end of the 3-months period? (:",PREMIUM_SUBSCRIPTION,HIGH,"Question about Premium promotional subscription duration."
784,7940,664579,"@SpotifyCares No luck. Going to try register from the app itself quickly",GENERAL_OTHER,LOW,"Troubleshooting/registration follow-up without enough context."
785,21962,133944,"3 bulan Premium hanya Rp 4.990. Putar musik offline di mana saja. https://t.co/fcGvIfaZp5",GENERAL_OTHER,HIGH,"Promotional/marketing message."
786,33827,2360600,"@SpotifyCares “Low usage?” Sigh. Has more votes than all but one of the ideas you just implemented! Paying for an app and having a feature removed is sad.",FEATURE_REQUEST,HIGH,"Complaint/request concerning a removed or missing feature."
787,24655,1887568,"@SpotifyCares when will “Flame of Love” by Taemin come out?",MUSIC_CONTENT_AVAILABILITY,HIGH,"Question about specific music release/availability."
788,9530,790567,"Seriously @115888... why can you not keep your app in working order?",APP_TECHNICAL_ISSUE,HIGH,"General app malfunction."
789,8646,712180,"@115888 Please help me get into my account. I have premium paid for by PayPal but can't find what email I used. I tried them all.",ACCOUNT_LOGIN_SECURITY,HIGH,"Cannot identify login email and access account."
790,24886,908513,"@117153 @SpotifyCares It is still not working? It says I have to reload the page every time I try to make a payment.",PAYMENT_BILLING,HIGH,"Payment page repeatedly fails/requires reload."
791,38122,2657400,"@SpotifyCares Spotify v8.4.28.1104 / iPhone X / iOS 11.2 beta. Hardware volume controls on the phone don’t work for controlling volume when playing through connect device. Works ok when playing audio on the phone itself. Assume 11.2 beta bug? - one to be aware of though. 🤞🏻",APP_TECHNICAL_ISSUE,HIGH,"Device/Spotify Connect volume-control integration problem."
792,36841,2580715,"isn't the point in paying for music is so it actually downloads and plays when you want it to? Thanks @115888",DOWNLOAD_OFFLINE,HIGH,"Complaint about downloaded music not being usable as expected."
793,38960,2736535,"@SpotifyCares I'm on an MSI laptop running Windows 10 and spotify version 1.0.67.582.g19436fa3",GENERAL_OTHER,LOW,"Device/version information only."
794,34141,2382575,"@115888 where’s the iPhone X update. The app is horrible right now.",APP_TECHNICAL_ISSUE,HIGH,"iPhone X app support/optimization problem."
795,41209,2878318,"@SpotifyCares my iPhone 6s has been doing great except recently when Spotify started running in the background for hours on end... Help! I know you can fix this issue. I already sent my iPhone to get the battery replaced but the issue is from the app. Again, help!",APP_TECHNICAL_ISSUE,HIGH,"Spotify app remains active in background and affects battery."
796,18975,1557089,"Yoo @115888 wtf is this?! Stranger things mode?! https://t.co/fVDYoV1Irl",GENERAL_OTHER,LOW,"Unclear reference to an image/feature."
797,8964,739487,"@126761 @183932 Why is this not available in Germany? :/",MUSIC_CONTENT_AVAILABILITY,HIGH,"Content/service availability in a country."
798,39262,2755869,"@115888 I got invited to Spotify family and live on the same address. All of the sudden my account gets converted to free. I live on the same address, can you explain why this is happening?",FAMILY_STUDENT_PLANS,HIGH,"Family-plan eligibility/status problem."
799,28911,1852370,"yo @115888 , when am i gunna be able to check who follows my playlist??",FEATURE_REQUEST,HIGH,"Requests ability to view playlist followers."
800,32736,2295547,"@SpotifyCares hey Spotify where's the button to see my queue gone? iOS 10, iPhone 6S, latest app version https://t.co/5NFg3nDbR8",APP_TECHNICAL_ISSUE,HIGH,"Queue button is missing from the app UI."